"gene","degree","betweenness","eigenvector"
"APOE",82,2947.70193000727,1
"EGFR",75,2336.84836429858,0.56931133718739
"APP",73,3346.48785661034,0.878626182365236
"SRC",59,1061.4486626296,0.52759155402338
"CLU",55,970.215876417314,0.795896636133318
"APOA1",50,347.145246512481,0.808588012291388
"FYN",50,859.065263565383,0.412131723044812
"APOB",49,255.630631455478,0.802771220202963
"GRB2",45,898.275792946328,0.393061718596598
"TNF",44,1123.39625448062,0.401953002457508
"ALB",42,408.988852950408,0.592920991159609
"CBL",42,540.05971071207,0.356308839704519
"KDR",42,397.251400884493,0.340191737492259
"IL6",40,589.833126930504,0.429454969450006
"STAT3",40,443.996089261971,0.412156533515014
"APOA2",39,47.4213820793409,0.720964781989971
"APOH",39,126.798586694542,0.705433105425615
"PTPN11",39,323.152304295008,0.356046432294561
"FN1",38,545.153070554279,0.480953543728635
"TLR4",38,616.388562658243,0.406959484867452
"APOC3",37,26.8214216252159,0.705979824581037
"LYN",37,148.177771350526,0.340813213639409
"PDGFRB",37,202.661296059756,0.308947554333045
"PIK3R1",37,90.0723694443432,0.357078005707336
"PIK3CA",36,117.100736690633,0.341361727409686
"SYK",36,300.314428545887,0.312229070930405
"APOA4",35,24.3482653347107,0.680688714783577
"APOC1",35,40.7056982726234,0.668855832203467
"APOC2",35,40.7056982726234,0.668855832203467
"CETP",35,87.3039397819606,0.658740509948773
"CSF1R",34,426.708173793495,0.253148900691303
"LCAT",34,82.6592160878823,0.661303397903138
"PLTP",34,43.7580351400803,0.656362083843368
"SHC1",34,168.323152444867,0.352908126294541
"INS",33,365.490870398342,0.423984498330397
"PLCG2",33,129.243285873964,0.300750913111294
"PON1",33,23.9407809212943,0.659443390547121
"LPA",32,26.3742798337044,0.645026183112798
"PIK3CB",32,311.200901848062,0.296847431409572
"PIK3R2",32,32.7405857255648,0.316122412169756
"APOL1",31,81.6629315113464,0.620236369380045
"APOM",31,8.62861502784497,0.629016215070866
"HCK",31,51.7239915473784,0.283699963765471
"IL1B",31,222.38311844702,0.346894764952022
"MMP9",30,256.484980404619,0.333653804585455
"APOA5",29,4.73097210751935,0.601777959551456
"ITGB1",29,269.498671202588,0.311820812466093
"PIK3R3",29,28.9528730976493,0.27994249955945
"APOC4",28,4.39279819915326,0.588881663979738
"CRK",28,136.204767217662,0.257589463804206
"CTNNB1",28,1539.27650376694,0.274651740035721
"PIK3CD",28,23.4706935267665,0.276634523155942
"PSEN1",28,544.269214912676,0.163211210864464
"SAA1",28,111.809254755688,0.523558792423585
"SCARB1",28,236.917605452007,0.424463245663394
"HPR",27,2.21118337976683,0.575507560284556
"IL10",27,477.650888540729,0.284554298997753
"INPP5D",27,411.633904594123,0.218267127651877
"SELENOS",27,1.71537713218201,0.577659548748602
"CRKL",26,69.8134579748721,0.259858174134898
"CRP",26,105.853030493648,0.358027138141991
"GAB2",26,144.881633218964,0.285193057244546
"LPL",26,98.5341961085969,0.474058703477672
"PCYOX1",26,0.970609319680576,0.56379200235655
"PLA2G7",26,3.64856720014971,0.55877113716238
"APOF",25,2.04960181038155,0.518746056576689
"CD2AP",25,848.925088617039,0.138496023502426
"DBI",25,0,0.547586355594826
"PEX3",25,0,0.547586355594826
"TRAF6",25,351.040100540778,0.204106527436488
"CAV1",24,192.981435015646,0.307598187198911
"PTPN6",24,217.841083283945,0.220520878459479
"ERBB4",23,221.604030520095,0.226978768548015
"PICALM",23,588.807024438697,0.142562051828531
"ICAM1",22,79.3817132891565,0.261317848278016
"PSEN2",22,296.485843640142,0.13498072264558
"SAA2",22,46.4979386405301,0.439090251244092
"A2M",21,64.715202120755,0.301907910581903
"FCGR3A",21,163.836979326944,0.212115491190384
"GAB1",21,9.47557299977407,0.202624017611529
"LIPC",21,13.8757023037001,0.419540673952438
"VTN",21,179.793241037457,0.263439258531658
"INPPL1",20,28.4642018237715,0.210896274621808
"SERPINA1",20,22.7521240977468,0.37501739764577
"ABCA7",19,483.792146502215,0.126077350217111
"BIN1",19,610.523620383972,0.150127066127767
"MPO",19,93.2731783982139,0.229066514051434
"TNFRSF1A",19,226.037264524224,0.154734789550068
"TRAF2",19,144.466960676829,0.135885722670782
"UBC",19,311.976143346925,0.088508838950591
"CD33",18,285.255912991829,0.155270287743959
"GRAP2",18,5.59288911495277,0.188217328968795
"IL6R",18,56.7469513526075,0.16520401259811
"LCP2",18,19.3536744017267,0.170994430447239
"LRP1",18,102.597499771054,0.227784185107046
"SAA4",18,2.03354312590602,0.383584509462754
"TREM2",18,246.965339396229,0.181318379704582
"TYROBP",18,150.958167000566,0.151870162980114
"ADAM10",17,593.207373856824,0.0974371097896932
"BACE1",17,82.8084696055945,0.113617911054359
"CBLB",17,65.469534400431,0.142524760782654
"MAPT",17,361.926212130669,0.155986918149043
"RPS27A",17,228.721113445144,0.0737633752258477
"SORL1",17,380.288431973817,0.134590855550366
"ABCA1",16,88.7922894779726,0.274821636201531
"CD68",16,43.4979156695614,0.176740066163235
"CSK",16,501.835000944052,0.155240044230119
"PLG",16,100.545576574604,0.163792470633523
"C3",15,105.748340818587,0.227090423922687
"LTF",15,59.02742952513,0.212050157638393
"NOTCH1",15,383.619607057762,0.121318397128089
"UBB",15,184.985879522982,0.0722084243376856
"VLDLR",15,3.20728456828498,0.322338856314963
"APOD",14,0,0.322066118714554
"LRP2",14,61.9975087942694,0.236663228741746
"MS4A6A",14,249.163857970088,0.059669677320073
"UBA52",14,226.755642837105,0.0458154019053146
"APH1A",13,35.730530949122,0.0727426363011064
"CASS4",13,71.7962044199392,0.0385759650028132
"NCSTN",13,35.730530949122,0.0727426363011064
"PSENEN",13,47.6296845479476,0.102156986126955
"SHC2",13,5.19359460248048,0.139822801281771
"SHC3",13,5.19359460248048,0.139822801281771
"SNCA",13,105.942568287865,0.189969247913574
"ACE",12,39.4752376192429,0.148551468681674
"MMP3",12,18.2211696225195,0.154942415077894
"PGF",12,18.699348703984,0.0987844688565022
"PTK2B",12,33.7102837213257,0.132332922085145
"SHC4",12,3.69099394461624,0.131659394752468
"EPHA1",11,119.948214274112,0.0458232505496273
"HSPG2",11,73.627563919516,0.14373597923201
"MS4A4E",11,459.501934336716,0.0511723508628017
"NCK2",11,162.055201726668,0.089900534616704
"VEGFC",11,7.6877480810759,0.089359446956182
"PIK3C2B",10,0.493041481583991,0.105888999050691
"PRNP",10,10.1035517406914,0.115571839003745
"ZCWPW1",10,16.8495335925916,0.0229332306420511
"IGHV3-16",9,52.7681565999084,0.0871195982596042
"IGHV3-43D",9,82.6906144613421,0.0899294888318617
"NME8",9,38.0614752332875,0.0209716390212179
"VEGFB",9,1.13868072496465,0.0651062513901197
"APH1B",8,6.58465656287574,0.0504675166990669
"CST3",8,5.15967704269508,0.159145830327794
"CTSB",8,10.8302326818336,0.0771011840101394
"MMEL1",8,5.17359764418588,0.058440665573155
"PDGFC",8,1.75908790385674,0.0692944233685623
"RUNX1",8,193.600053698794,0.0585765487159309
"VEGFD",8,0.729535703319633,0.062941490938582
"WASL",8,11.260689140176,0.087303895083986
"ACHE",7,4.18426352330626,0.0839636424784191
"ADAM17",7,18.0990442410486,0.0633930744058732
"FERMT2",7,145.126921138108,0.0262901300245752
"IGFBP3",7,5.87153872383042,0.0801632425220872
"LILRB2",7,3.40118658465458,0.0554055940618204
"LRP8",7,2.54218336355547,0.150307071155146
"MS4A6E",7,92.0246151959543,0.01065216906691
"NCOR2",7,475.246762939089,0.0114807906775221
"TIGIT",7,687.775769809277,0.0291349403573428
"UBE2V2",7,6.96641380490131,0.0206122665099648
"EFNA1",6,30.1690025513959,0.0572019042579022
"EFNA2",6,30.1690025513959,0.0572019042579022
"EFNA3",6,30.1690025513959,0.0572019042579022
"EPN2",6,9.33869390295475,0.0339618912205855
"ITPR3",6,8.16502646109633,0.0429010134041734
"MME",6,13.8476415582113,0.0580483212007938
"NR1H3",6,96.3969506121805,0.0853150207419765
"RIN3",6,3.77169614763868,0.0123408895166195
"SHARPIN",6,8.89474635708459,0.0281761457854236
"SLC24A4",6,1.50612521962474,0.0115895754664657
"SORT1",6,32.6180944399248,0.10668499998555
"TANK",6,9.28993822627485,0.0426486013716023
"TMED10",6,0,0.0192292095714743
"TRAF5",6,2.30688880248531,0.0189022960284774
"C9",5,12.7413057268016,0.074832319236934
"CCRL2",5,0,0.0556002434471337
"EFNA4",5,6.25414256224672,0.0540598059273092
"FBN1",5,0.330792498487598,0.0494547989852857
"GRN",5,22.7104659024114,0.0182766370937371
"GSAP",5,0,0.0415824306621856
"H2BC4",5,17.5834355962632,0.0143207220762892
"ITPR2",5,6.11031659126675,0.03076641918147
"KMT2C",5,8.93856700111235,0.0109277768901826
"TOMM40",5,187.965268029947,0.103859308805232
"DOK1",4,3.865194215418,0.0233234803558812
"EPN3",4,4.31133494754701,0.0288925010076933
"GULP1",4,11.9916826583878,0.052847813407202
"LIPG",4,0,0.0761339045073897
"MINDY2",4,0,0.00903883256158453
"MS4A10",4,0.572159090909091,0.00412640423489671
"MS4A4A",4,3.13285176343347,0.00646643929604749
"NECTIN2",4,66.422367641911,0.00436049236190873
"NR1H2",4,54.166090422987,0.0442311651247094
"PITX2",4,443,0.00917103890754801
"CR1",3,2.9400839604641,0.0160522151362197
"IL34",3,1.43723944532768,0.0138727881210175
"NECTIN3",3,1,0.00111275396191938
"PVR",3,0.333333333333333,0.00101129448937506
"PVRIG",3,1,0.00111275396191938
"STAP2",3,0.151970631258193,0.0398132426617678
"TCN2",3,5.66540596263026,0.0259599140217774
"VENTX",3,12.6143004491883,0.02232105563026
"CIR1",2,0,0.000382562901934396
"DOCK3",2,0,0.0215968005178218
"LILRA5",2,0,0.0171798273800868
"LIMS1",2,2.04721293199554,0.00374685265385899
"MS4A12",2,0,0.0019936831180661
"MS4A8",2,0,0.00199368311806611
"MT-ATP8",2,1,0
"PILRA",2,0,0.0185928255518354
"SAP30L",2,0,0.000382562901934395
"TBX5",2,0,0.0091525608859579
"TCF7L2",2,4.86862521439134,0.00957661539333077
"TMEM106B",2,0,0.00561955529257162
"TSPAN14",2,0,0.00324679932979065
"TSPAN15",2,0,0.00324679932979065
"ATP5F1C",1,0,0
"BLID",1,0,0.00434021189104104
"CDH13",1,0,0.00885681826691463
"CNTNAP2",1,0,0.00484121506554365
"DIRAS2",1,0,0.00957257271573462
"HCN4",1,0,0.000295742619043269
"MT-ND1",1,0,0
"NBPF4",1,0,0
"NBPF6",1,0,0
"NOX4",1,0,0.0131234056591064
"RHOH",1,0,0.00500609557148674
"SCIMP",1,0,0.00500609557148674
"SPPL2A",1,0,0.0129619593676844
"ZFHX3",1,0,0.000295742619043269
"ABI3",0,0,0
"ADGRA3",0,0,0
"ANO5",0,0,0
"ATP8B4",0,0,0
"BARHL2",0,0,0
"BCL11A",0,0,0
"CCDC6",0,0,0
"CEP170",0,0,0
"CLNK",0,0,0
"DIO2",0,0,0
"ECHDC3",0,0,0
"ELOVL7",0,0,0
"EPB41L1",0,0,0
"EPHX2",0,0,0
"FAM20B",0,0,0
"FBXL22",0,0,0
"GLIS3",0,0,0
"HFE",0,0,0
"IDUA",0,0,0
"JAZF1",0,0,0
"KHDRBS2",0,0,0
"LRRC25",0,0,0
"MELK",0,0,0
"MOB3B",0,0,0
"MTHFD1L",0,0,0
"PDE3A",0,0,0
"PDE4B",0,0,0
"PRDM9",0,0,0
"PRSS8",0,0,0
"PSME4",0,0,0
"PTPRN2",0,0,0
"RASGEF1C",0,0,0
"SDCCAG8",0,0,0
"SDK1",0,0,0
"SLC26A1",0,0,0
"TSPOAP1",0,0,0
"ULK4",0,0,0
"USP6NL",0,0,0
"ZFTA",0,0,0
"ZNF568",0,0,0
"ZNF652",0,0,0
