"drug_name","targets","max_clinical_stage","real_distance","z_score"
"CABIRALIZUMAB","CSF1R","PHASE_2",0,-2.76715990015819
"AMG-820","CSF1R","PHASE_1_2",0,-2.63912864407933
"EMACTUZUMAB","CSF1R","PHASE_3",0,-2.63912864407933
"ABIVERTINIB MALEATE","EGFR","PHASE_3",0,-2.63912864407933
"PEXIDARTINIB HYDROCHLORIDE","CSF1R","APPROVAL",0,-2.52494957778772
"THELIATINIB","EGFR","PHASE_1",0,-2.52494957778772
"TAK-285","EGFR","PHASE_1",0,-2.47227483446781
"EDICOTINIB","CSF1R","PHASE_2",0,-2.47227483446781
"ZALUTUMUMAB","EGFR","PHASE_3",0,-2.42220332869007
"AMIVANTAMAB","EGFR","APPROVAL",0,-2.42220332869007
"LAPATINIB DITOSYLATE","EGFR","APPROVAL",0,-2.37451749484676
"CT-1578","CSF1R","PHASE_1",0,-2.32902443926844
"PLX-5622","CSF1R","PHASE_1",0,-2.32902443926844
"CLN-081","EGFR","PHASE_3",0,-2.32902443926844
"IMC-CS4","CSF1R","PHASE_1_2",0,-2.28555244962788
"MIPOMERSEN","APOB","APPROVAL",0,-2.28555244962788
"LAZERTINIB","EGFR","APPROVAL",0,-2.28555244962788
"NIMOTUZUMAB","EGFR","APPROVAL",0,-2.24394808993056
"BRIGATINIB","EGFR","APPROVAL",0,-2.24394808993056
"ARRY-382","CSF1R","PHASE_2",0,-2.24394808993056
"PIMURUTAMAB","EGFR","PHASE_2_3",0,-2.24394808993056
"ROCILETINIB","EGFR","APPROVAL",0,-2.20407376838222
"AXATILIMAB","CSF1R","PHASE_3",0,-2.20407376838222
"PLX-7486","CSF1R","PHASE_1",0,-2.16580568974095
"ABIVERTINIB","EGFR","PHASE_3",0,-2.16580568974095
"ICOTINIB","EGFR","APPROVAL",0,-2.12903212229825
"FALNIDAMOL","EGFR","PHASE_1",0,-2.12903212229825
"PF-06459988","EGFR","PHASE_2",0,-2.12903212229825
"FIRMONERTINIB","EGFR","PHASE_3",0,-2.12903212229825
"BAFISONTAMAB","EGFR","PHASE_2",0,-2.12903212229825
"AV-412","EGFR","PHASE_1",0,-2.12903212229825
"LAZERTINIB MESYLATE","EGFR","APPROVAL",0,-2.12903212229825
"ALLITINIB","EGFR","PHASE_1",0,-2.09365192388285
"PYROTINIB","EGFR","PHASE_3",0,-2.09365192388285
"MAVELERTINIB","EGFR","PHASE_1_2",0,-2.09365192388285
"AZD-4769","EGFR","PHASE_1",0,-2.09365192388285
"GC1118","EGFR","PHASE_2",0,-2.09365192388285
"PANITUMUMAB","EGFR","APPROVAL",0,-2.05957328232407
"CEP-32496","EGFR","PHASE_1_2",0,-2.05957328232407
"FUTUXIMAB","EGFR","PHASE_3",0,-2.05957328232407
"CUSTIRSEN SODIUM","CLU","PHASE_2",0,-2.05957328232407
"OSIMERTINIB MESYLATE","EGFR","APPROVAL",0,-2.05957328232407
"AUMOLERTINIB","EGFR","APPROVAL",0,-2.05957328232407
"VARLITINIB","EGFR","PHASE_2_3",0,-2.02671263443146
"RUSERONTINIB","EGFR","PHASE_3",0,-2.02671263443146
"DEPATUXIZUMAB","EGFR","PHASE_2",0,-2.02671263443146
"MIPOMERSEN SODIUM","APOB","APPROVAL",0,-2.02671263443146
"LAPATINIB","EGFR","APPROVAL",0,-2.02671263443146
"OLMUTINIB","EGFR","APPROVAL",0,-1.994993734326
"CETUXIMAB SAROTALOCAN","EGFR","APPROVAL",0,-1.994993734326
"TUXOBERTINIB","EGFR","PHASE_1_2",0,-1.994993734326
"MOBOCERTINIB","EGFR","APPROVAL",0,-1.994993734326
"CUSTIRSEN","CLU","PHASE_3",0,-1.96434684732238
"S-222611","EGFR","PHASE_1",0,-1.96434684732238
"SIMOTINIB","EGFR","PHASE_1",0,-1.96434684732238
"LOSATUXIZUMAB VEDOTIN","EGFR","PHASE_1",0,-1.96434684732238
"PELITINIB","EGFR","PHASE_2",0,-1.96434684732238
"NECITUMUMAB","EGFR","APPROVAL",0,-1.93470804983471
"RINDOPEPIMUT","EGFR","PHASE_3",0,-1.93470804983471
"DULIGOTUZUMAB","EGFR","PHASE_2",0,-1.93470804983471
"NAZARTINIB","EGFR","PHASE_3",0,-1.93470804983471
"MODOTUXIMAB","EGFR","PHASE_2",0,-1.93470804983471
"CUDC-101","EGFR","PHASE_1",0,-1.93470804983471
"PKI-166","EGFR","PHASE_2",0,-1.90601861920187
"MATUZUMAB","EGFR","PHASE_2",0,-1.90601861920187
"SAPITINIB","EGFR","PHASE_2",0,-1.90601861920187
"OSIMERTINIB","EGFR","APPROVAL",0,-1.90601861920187
"AZD-3759","EGFR","PHASE_2_3",0,-1.90601861920187
"DEPATUXIZUMAB MAFODOTIN","EGFR","PHASE_3",0,-1.90601861920187
"TOMUZOTUXIMAB","EGFR","PHASE_2",0,-1.90601861920187
"EPITINIB","EGFR","PHASE_1",0,-1.90601861920187
"GEFITINIB","EGFR","APPROVAL",0,-1.90601861920187
"ERLOTINIB HYDROCHLORIDE","EGFR","APPROVAL",0,-1.87822450008706
"TESEVATINIB","EGFR","PHASE_3",0,-1.87822450008706
"CETUXIMAB","EGFR","APPROVAL",0,-1.82512655904234
"MAB-425","EGFR","UNKNOWN",0,-1.82512655904234
"ERLOTINIB","EGFR","APPROVAL",0,-1.82512655904234
"MDX-447","EGFR","PHASE_1",0,-1.75106381659719
"NAQUOTINIB","EGFR","PHASE_3",0,-1.75106381659719
"ROSIPTOR","INPP5D","PHASE_3",0,-1.75106381659719
"MOBOCERTINIB SUCCINATE","EGFR","APPROVAL",0,-1.75106381659719
"AVE-9633","CD33","PHASE_1",0,-1.7277152543171
"TOCILIZUMAB","IL6R","APPROVAL",0,-1.68283186234486
"SARILUMAB","IL6R","APPROVAL",0,-1.68283186234486
"LEVILIMAB","IL6R","APPROVAL",0,-1.68283186234486
"GEMTUZUMAB OZOGAMICIN","CD33","APPROVAL",0,-1.66123959173025
"LINTUZUMAB","CD33","PHASE_3",0,-1.59955350913042
"BENAZEPRIL","ACE","APPROVAL",0,-1.59955350913042
"VOBARILIZUMAB","IL6R","PHASE_2",0,-1.57994559089085
"FOSINOPRIL SODIUM","ACE","APPROVAL",0,-1.54203805268619
"SATRALIZUMAB","IL6R","APPROVAL",0,-1.52370163308525
"VERDIPERSTAT","MPO","PHASE_3",0,-1.52370163308525
"MOEXIPRIL HYDROCHLORIDE","ACE","APPROVAL",0,-1.50575399118422
"ENALAPRILAT","ACE","APPROVAL",0,-1.48817922958051
"PERINDOPRIL ERBUMINE","ACE","APPROVAL",0,-1.45408906192159
"GEMTUZUMAB","CD33","PHASE_2",0,-1.45408906192159
"PERINDOPRIL ARGININE","ACE","APPROVAL",0,-1.45408906192159
"QUINAPRIL","ACE","APPROVAL",0,-1.43754598588653
"ONCOLYSIN M","CD33","PHASE_1",0,-1.43754598588653
"QUIZARTINIB","CSF1R; PDGFRB","APPROVAL",0.5,-1.42313310124399
"LISINOPRIL","ACE","APPROVAL",0,-1.4213203422
"DELAPRIL","ACE","APPROVAL",0,-1.4213203422
"QUINAPRIL HYDROCHLORIDE","ACE","APPROVAL",0,-1.40540003334686
"CILAZAPRIL","ACE","APPROVAL",0,-1.40540003334686
"SERALUTINIB","CSF1R; PDGFRB","PHASE_3",0.5,-1.39338426917262
"MOEXIPRIL","ACE","APPROVAL",0,-1.37443005315458
"ENALAPRIL MALEATE","ACE","APPROVAL",0,-1.37443005315458
"FOSINOPRIL","ACE","APPROVAL",0,-1.37443005315458
"CONTELTINIB","PTK2B","PHASE_1_2",0,-1.35935909268197
"SPIRAPRIL","ACE","APPROVAL",0,-1.35935909268197
"IMIDAPRIL","ACE","APPROVAL",0,-1.34455081771142
"ENALAPRIL","ACE","APPROVAL",0,-1.329995822884
"LISINOPRIL ANHYDROUS","ACE","PHASE_3",0,-1.3156851436648
"RAMIPRIL","ACE","APPROVAL",0,-1.30161022936561
"CAPTOPRIL","ACE","APPROVAL",0,-1.27413541377343
"ENMD-2076","CSF1R; KDR","PHASE_2",0.5,-1.25679204288818
"DEFACTINIB","PTK2B","PHASE_3",0,-1.24751034115235
"ILEPATRIL","ACE","PHASE_2_3",0,-1.24751034115235
"BENAZEPRIL HYDROCHLORIDE","ACE","APPROVAL",0,-1.16024845209474
"TRANDOLAPRIL","ACE","APPROVAL",0,-1.1484570032753
"CANERTINIB","EGFR; ERBB4","PHASE_2",0.5,-1.10758400100822
"MIROCOCEPT","CR1","PHASE_3",0,-1.10277427931155
"RG-4733","PSEN1; PSEN2; APH1B; PSENEN; APH1A; NCSTN","PHASE_2",0.5,-1.07274675812979
"AFATINIB DIMALEATE","EGFR; ERBB4","APPROVAL",0.5,-1.06853460601329
"NIROGACESTAT HYDROBROMIDE","PSEN1; PSEN2; APH1B; PSENEN; APH1A; NCSTN","APPROVAL",0.5,-1.06179858451247
"KBP5209","EGFR; ERBB4","PHASE_1",0.5,-1.04759375868262
"AFATINIB","EGFR; ERBB4","APPROVAL",0.5,-1.04340133985285
"AC-480","EGFR; ERBB4","PHASE_2",0.5,-1.03710410609743
"AEE-788","EGFR; KDR","PHASE_1_2",0.5,-1.01156096113547
"DACOMITINIB","EGFR; ERBB4","APPROVAL",0.5,-1.00167425790266
"TARLOXOTINIB","EGFR; ERBB4","PHASE_2",0.5,-0.958668765281689
"CANERTINIB DIHYDROCHLORIDE","EGFR; ERBB4","PHASE_2",0.5,-0.953686604355877
"NERATINIB MALEATE","EGFR; ERBB4","APPROVAL",0.5,-0.903485698706399
"VATALANIB","CSF1R; KDR; PDGFRB","PHASE_3",0.666666666666667,-0.898940444441084
"SUNITINIB","CSF1R; KDR; PDGFRB","APPROVAL",0.666666666666667,-0.884252924417497
"POZIOTINIB","EGFR; ERBB4","PHASE_3",0.5,-0.836847929751542
"DACOMITINIB ANHYDROUS","EGFR; ERBB4","PHASE_2",0.5,-0.836449162798596
"IMGATUZUMAB","EGFR; FCGR3A","PHASE_2",0.5,-0.833595925537432
"VANDETANIB","EPHA1; EGFR; SRC; KDR; ERBB4","APPROVAL",0.6,-0.829551626264267
"NERATINIB","EGFR; ERBB4","APPROVAL",0.5,-0.736257550200044
"PAZOPANIB","CSF1R; KDR; PDGFRB","APPROVAL",0.666666666666667,-0.73165084960164
"SUNITINIB MALATE","CSF1R; KDR; PDGFRB","APPROVAL",0.666666666666667,-0.730500708361191
"PAZOPANIB HYDROCHLORIDE","CSF1R; KDR; PDGFRB","APPROVAL",0.666666666666667,-0.715698556105413
"LINIFANIB","CSF1R; KDR; PDGFRB","PHASE_3",0.666666666666667,-0.713478026612766
"BMS-690514","EGFR; KDR; ERBB4","PHASE_2",0.666666666666667,-0.540571558239183
"OXTRIPHYLLINE","PDE4B; PDE3A","APPROVAL",0,-0.341660421435406
"ENSIFENTRINE","PDE4B; PDE3A","APPROVAL",0,-0.323183405842804
"IBUDILAST","PDE4B; PDE3A","APPROVAL",0,-0.296139469539158
"DYPHYLLINE","PDE4B; PDE3A","APPROVAL",0,-0.273664892008967
"AMINOPHYLLINE","PDE4B; PDE3A","APPROVAL",0,-0.263004036080537
"CILOMILAST","PDE4B","PHASE_3",0,-0.263004036080537
"PENTOXIFYLLINE","PDE4B; PDE3A","APPROVAL",0,-0.263004036080537
"THEOPHYLLINE","PDE4B; PDE3A","APPROVAL",0,-0.252013170881746
"FLAVOXATE","PDE4B","APPROVAL",0,-0.252013170881746
"OGLEMILAST","PDE4B","PHASE_2",0,-0.240645076637884
"ANAGRELIDE HYDROCHLORIDE","PDE3A","APPROVAL",0,-0.228841475813786
"DRONEDARONE HYDROCHLORIDE","HCN4","APPROVAL",0,-0.228841475813786
"APREMILAST","PDE4B","APPROVAL",0,-0.228841475813786
"CILOSTAZOL","PDE3A","APPROVAL",0,-0.228841475813786
"INAMRINONE LACTATE","PDE3A","APPROVAL",0,-0.216529020581368
"ROLIPRAM","PDE4B","PHASE_2",0,-0.216529020581368
"DIPYRIDAMOLE","PDE4B; PDE3A","APPROVAL",0,-0.216529020581368
"TRANIMILAST","PDE4B","PHASE_3",0,-0.203613195381177
"CRISABOROLE","PDE4B","APPROVAL",0,-0.203613195381177
"INAMRINONE","PDE3A","APPROVAL",0,-0.189968636626035
"MILRINONE","PDE3A","APPROVAL",0,-0.189968636626035
"ROFLUMILAST","PDE4B","APPROVAL",0,-0.189968636626035
"K-134","PDE3A","PHASE_2",0,-0.189968636626035
"TETOMILAST","PDE4B","PHASE_3",0,-0.189968636626035
"HT-0712","PDE4B","PHASE_2",0,-0.189968636626035
"ANAGRELIDE","PDE3A","APPROVAL",0,-0.189968636626035
"AMLEXANOX","PDE4B","APPROVAL",0,-0.175422905791372
"MILRINONE LACTATE","PDE3A","APPROVAL",0,-0.175422905791372
"LEVOSIMENDAN","PDE3A","APPROVAL",0,-0.175422905791372
"TOFIMILAST","PDE4B","PHASE_2",0,-0.175422905791372
"ENOXIMONE","PDE3A","APPROVAL",0,-0.175422905791372
"GSK2256294","EPHX2","PHASE_2",0,-0.175422905791372
"LOTAMILAST","PDE4B","PHASE_2",0,-0.175422905791372
"DIFAMILAST","PDE4B","PHASE_3",0,-0.175422905791372
"REVAMILAST","PDE4B","PHASE_2",0,-0.175422905791372
"MK-0873","PDE4B","PHASE_2",0,-0.175422905791372
"GSK-256066","PDE4B","PHASE_2",0,-0.175422905791372
"CTS-1027","MMP3; MMP9; MME","PHASE_2",0.666666666666667,-0.170666500510636
"DRONEDARONE","HCN4","APPROVAL",0,-0.159727331765169
"IVABRADINE HYDROCHLORIDE","HCN4","APPROVAL",0,-0.159727331765169
"DOVRAMILAST","PDE4B","PHASE_2",0,-0.159727331765169
"AR9281","EPHX2","PHASE_2",0,-0.159727331765169
"PRALSETINIB","CCDC6","APPROVAL",0,-0.159727331765169
"EXAGAMGLOGENE AUTOTEMCEL","BCL11A","APPROVAL",0,-0.159727331765169
"SELPERCATINIB","CCDC6","APPROVAL",0,-0.142499552451857
"DROTAVERINE","PDE4B","APPROVAL",0,-0.142499552451857
"SETANAXIB","NOX4","PHASE_2",0,-0.123094615089204
"IVABRADINE","HCN4","APPROVAL",0,-0.123094615089204
"ME-344","MT-ND1","PHASE_1_2",0,-0.123094615089204
"FLAVOXATE HYDROCHLORIDE","PDE4B","APPROVAL",0,-0.100252207210141
"METFORMIN HYDROCHLORIDE","MT-ND1","APPROVAL",0,-0.100252207210141
"CONBERCEPT","VEGFC; PGF; VEGFB","PHASE_3",0.666666666666667,-0.0912839724713418
"MARIMASTAT","MMP3; MMP9; MME","PHASE_3",0.666666666666667,-0.0700105551507224
"JNJ-26483327","EGFR; LYN; SRC; FYN; ERBB4","PHASE_1",0.8,-0.0287116337427698
"RG-7594","ITGB1","PHASE_1",1,0.273664892008967
"LUTIKIZUMAB","IL1B","PHASE_3",1,0.332498955721
"REBIMASTAT","MMP9","PHASE_3",1,0.341660421435406
"ATN-161","ITGB1","PHASE_2",1,0.368350129878921
"SAR-260301","PIK3CB","PHASE_1",1,0.377018377725618
"ROCACETRAPIB","CETP","PHASE_2",1,0.377018377725618
"EVACETRAPIB","CETP","PHASE_3",1,0.385588071547267
"GOLVATINIB","KDR","PHASE_1_2",1,0.385588071547267
"TAS-115","KDR","PHASE_1",1,0.385588071547267
"PEGDINETANIB","KDR","PHASE_2",1,0.39406727514606
"GSK-2636771","PIK3CB","PHASE_2",1,0.39406727514606
"OLPASIRAN","LPA","PHASE_3",1,0.39406727514606
"NATALIZUMAB","ITGB1","APPROVAL",1,0.402463345145923
"GEVOKIZUMAB","IL1B","PHASE_3",1,0.402463345145923
"ABITUZUMAB","ITGB1","PHASE_2",1,0.402463345145923
"LUCITANIB","KDR","PHASE_3",1,0.402463345145923
"SOVLEPLENIB","SYK","PHASE_3",1,0.402463345145923
"OSI-930","KDR","PHASE_1",1,0.410783020655041
"ANACETRAPIB","CETP","PHASE_3",1,0.410783020655041
"VOLOCIXIMAB","ITGB1","PHASE_2",1,0.410783020655041
"ANDECALIXIMAB","MMP9","PHASE_3",1,0.410783020655041
"RESATORVID","TLR4","PHASE_3",1,0.419032499090605
"ENTOSPLETINIB","SYK","PHASE_3",1,0.419032499090605
"R-333","SYK","PHASE_2",1,0.419032499090605
"PELACARSEN","LPA","PHASE_3",1,0.419032499090605
"FIRATEGRAST","ITGB1","PHASE_2",1,0.427217500694211
"R-343","SYK","PHASE_2",1,0.427217500694211
"SEMAXANIB","KDR","PHASE_3",1,0.427217500694211
"ABBV-3373","TNF","PHASE_2",1,0.427217500694211
"ALACIZUMAB PEGOL","KDR","PHASE_2",1,0.435343323738644
"DALCETRAPIB","CETP","PHASE_3",1,0.435343323738644
"ZD-4190","KDR","UNKNOWN",1,0.435343323738644
"TORCETRAPIB","CETP","PHASE_3",1,0.435343323738644
"PKI-179","PIK3CA","PHASE_1",1,0.443414892022207
"CDP-484","IL1B","PHASE_1_2",1,0.443414892022207
"ZILTIVEKIMAB","IL6","PHASE_3",1,0.443414892022207
"OLEZARSEN","APOC3","APPROVAL",1,0.443414892022207
"TOLIMIDONE","LYN","PHASE_2",1,0.443414892022207
"RILONACEPT","IL1B","APPROVAL",1,0.451436795933707
"FOSTAMATINIB","SYK","APPROVAL",1,0.451436795933707
"CABOZANTINIB","KDR","APPROVAL",1,0.451436795933707
"ALPELISIB","PIK3CA","APPROVAL",1,0.451436795933707
"SERABELISIB","PIK3CA","PHASE_2",1,0.451436795933707
"PLACULUMAB","TNF","PHASE_2",1,0.459413328126869
"ERITORAN TETRASODIUM","TLR4","PHASE_3",1,0.459413328126869
"DANVATIRSEN","STAT3","PHASE_2",1,0.459413328126869
"R-348","SYK","PHASE_1",1,0.459413328126869
"RAF-265","KDR","PHASE_2",1,0.459413328126869
"TANDUTINIB","PDGFRB","PHASE_2",1,0.467348514650835
"AS-1409","FN1","PHASE_1",1,0.467348514650835
"L19TNFA","FN1","PHASE_1_2",1,0.467348514650835
"BRIVANIB ALANINATE","KDR","PHASE_3",1,0.467348514650835
"INCB-40093","PIK3CD","PHASE_2",1,0.467348514650835
"ERITORAN","TLR4","PHASE_3",1,0.467348514650835
"IBCASERTIB","KDR","PHASE_3",1,0.467348514650835
"4SC-203","KDR","PHASE_1",1,0.467348514650835
"OCRIPLASMIN","FN1","APPROVAL",1,0.475246142231078
"LENERCEPT","TNF","PHASE_3",1,0.475246142231078
"AFELIMOMAB","TNF","APPROVAL",1,0.475246142231078
"CERDULATINIB","SYK","PHASE_2_3",1,0.475246142231078
"SURUFATINIB","KDR","APPROVAL",1,0.475246142231078
"ACALISIB","PIK3CD","PHASE_1",1,0.475246142231078
"R-112","SYK","IND",1,0.475246142231078
"PF-00337210","KDR","PHASE_1",1,0.483109782273548
"SILTUXIMAB","IL6","APPROVAL",1,0.483109782273548
"BAFETINIB","LYN","PHASE_2",1,0.483109782273548
"VOLANESORSEN","APOC3","APPROVAL",1,0.483109782273548
"PRT-2607","SYK","PHASE_2",1,0.483109782273548
"RINUCUMAB","PDGFRB","PHASE_2",1,0.483109782273548
"RIVOCERANIB MESYLATE","KDR","APPROVAL",1,0.483109782273548
"OLINVACIMAB","KDR","PHASE_2",1,0.483109782273548
"INAVOLISIB","PIK3CA","APPROVAL",1,0.483109782273548
"BECAPLERMIN","PDGFRB","APPROVAL",1,0.490942812067248
"INFLIXIMAB","TNF","APPROVAL",1,0.490942812067248
"CERTOLIZUMAB PEGOL","TNF","APPROVAL",1,0.490942812067248
"SIRUKUMAB","IL6","APPROVAL",1,0.490942812067248
"CABOZANTINIB S-MALATE","KDR","APPROVAL",1,0.490942812067248
"ONERCEPT","TNF","PHASE_3",1,0.490942812067248
"BMS-817378","KDR","PHASE_1",1,0.490942812067248
"MIVAVOTINIB","SYK","PHASE_2",1,0.490942812067248
"LANRAPLENIB","SYK","PHASE_2",1,0.490942812067248
"KRN-633","KDR","PHASE_1",1,0.490942812067248
"IMATINIB","PDGFRB","APPROVAL",1,0.490942812067248
"GOLIMUMAB","TNF","APPROVAL",1,0.4987484335815
"TELBERMIN","KDR","PHASE_2",1,0.4987484335815
"BI-505","ICAM1","PHASE_2",1,0.4987484335815
"L19IL2","FN1","PHASE_3",1,0.4987484335815
"RIVOCERANIB","KDR","APPROVAL",1,0.4987484335815
"FOSTAMATINIB DISODIUM","SYK","APPROVAL",1,0.4987484335815
"PARSACLISIB","PIK3CD","APPROVAL",1,0.4987484335815
"R-406","SYK","UNKNOWN",1,0.4987484335815
"HENATINIB","KDR","PHASE_1",1,0.506529690190047
"AXITINIB","KDR","APPROVAL",1,0.506529690190047
"PREXIGEBERSEN","GRB2","PHASE_2",1,0.506529690190047
"MIVAVOTINIB CITRATE","SYK","PHASE_2",1,0.506529690190047
"BATOPROTAFIB","PTPN11","PHASE_1_2",1,0.506529690190047
"RAMUCIRUMAB","KDR","APPROVAL",1,0.514289481601632
"IMC-1C11","KDR","PHASE_1",1,0.514289481601632
"TG100-115","PIK3CD","PHASE_1_2",1,0.514289481601632
"VOLANESORSEN SODIUM","APOC3","PHASE_2",1,0.514289481601632
"ALTIRATINIB","KDR","PHASE_1",1,0.514289481601632
"LENIOLISIB","PIK3CD","APPROVAL",1,0.514289481601632
"BFH-772","KDR","PHASE_2",1,0.514289481601632
"FRUQUINTINIB","KDR","APPROVAL",1,0.514289481601632
"ADALIMUMAB","TNF","APPROVAL",1,0.522030577233632
"LENVATINIB","KDR","APPROVAL",1,0.522030577233632
"OZORALIZUMAB","TNF","APPROVAL",1,0.522030577233632
"ALICAFORSEN","ICAM1","PHASE_3",1,0.522030577233632
"CLAZAKIZUMAB","IL6","PHASE_3",1,0.522030577233632
"CDP-860","PDGFRB","PHASE_2",1,0.522030577233632
"AZD-0424","SRC","PHASE_1",1,0.522030577233632
"ALPIDEM","DBI","APPROVAL",1,0.522030577233632
"CEP-2563","PDGFRB","PHASE_1",1,0.522030577233632
"LENIOLISIB PHOSPHATE","PIK3CD","APPROVAL",1,0.529755628229682
"CEP-5214","KDR","UNKNOWN",1,0.537467178292717
"IMATINIB MESYLATE","PDGFRB","APPROVAL",1,0.537467178292717
"CRENOLANIB","PDGFRB","PHASE_3",1,0.537467178292717
"NEMIRALISIB","PIK3CD","PHASE_2",1,0.537467178292717
"CYC-116","KDR","PHASE_1",1,0.537467178292717
"NERELIMOMAB","TNF","PHASE_3",1,0.54516767348018
"ZOLIMOMAB ARITOX","RPS27A","PHASE_2",1,0.54516767348018
"SCH-708980","IL10","PHASE_1_2",1,0.54516767348018
"OSI-632","KDR","PHASE_2",1,0.54516767348018
"BRIVANIB","KDR","PHASE_3",1,0.54516767348018
"GLESATINIB","KDR","PHASE_2",1,0.54516767348018
"GUSACITINIB","SYK","PHASE_2",1,0.54516767348018
"ZANDELISIB","PIK3CD","PHASE_3",1,0.54516767348018
"GSK-2269557","PIK3CD","PHASE_2",1,0.54516767348018
"OLOKIZUMAB","IL6","APPROVAL",1,0.552859471087583
"ENLIMOMAB PEGOL","ICAM1","IND",1,0.552859471087583
"IDELALISIB","PIK3CD","APPROVAL",1,0.552859471087583
"UMBRALISIB","PIK3CD","APPROVAL",1,0.552859471087583
"NINGETINIB","KDR","PHASE_2",1,0.552859471087583
"UMBRALISIB TOSYLATE","PIK3CD","APPROVAL",1,0.552859471087583
"SELETALISIB","PIK3CD","PHASE_2",1,0.552859471087583
"REMTOLUMAB","TNF","PHASE_2",1,0.552859471087583
"DUVELISIB MONOHYDRATE","PIK3CD","APPROVAL",1,0.552859471087583
"PEGSUNERCEPT","TNF","PHASE_2",1,0.560544847729233
"DARAPLADIB","PLA2G7","PHASE_3",1,0.560544847729233
"LENVATINIB MESYLATE","KDR","APPROVAL",1,0.568226006710347
"PACIBEKITUG","IL6","PHASE_2",1,0.568226006710347
"ONO-2952","DBI","PHASE_2",1,0.575905084772366
"CEP-11981","KDR","PHASE_2",1,0.583584158282812
"ASP-8374","TIGIT","PHASE_1",1,0.583584158282812
"RADRETUMAB","FN1","PHASE_2",1,0.591265248931979
"DEFIBROTIDE","PLG","APPROVAL",1,0.591265248931979
"AMG-319","PIK3CD","PHASE_2",1,0.591265248931979
"TIVOZANIB HYDROCHLORIDE","KDR; PDGFRB","APPROVAL",1,0.5984981202978
"MINAPRINE HYDROCHLORIDE","ACHE","UNKNOWN",1,0.598950328991177
"CITATUZUMAB BOGATOX","RPS27A","PHASE_1",1,0.598950328991177
"TENALISIB","PIK3CD","PHASE_2",1,0.598950328991177
"TIRBANIBULIN","SRC","APPROVAL",1,0.598950328991177
"DEFIBROTIDE SODIUM","PLG","APPROVAL",1,0.606641326180583
"BAY-1082439","PIK3CB; PIK3CA","PHASE_1",1,0.609487819505737
"PYRIDOSTIGMINE","ACHE","APPROVAL",1,0.61434012818914
"PRI-724","CTNNB1","PHASE_2",1,0.61434012818914
"APROTININ","PLG","APPROVAL",1,0.629768522243206
"PROPANIDID","ACHE","UNKNOWN",1,0.629768522243206
"ACOTIAMIDE","ACHE","APPROVAL",1,0.629768522243206
"CAL-263","PIK3CD","PHASE_1",1,0.629768522243206
"MT-3724","RPS27A","PHASE_2",1,0.629768522243206
"TRANEXAMIC ACID","PLG","APPROVAL",1,0.629768522243206
"CM-082","KDR; PDGFRB","PHASE_2",1,0.637056898581359
"AMINOCAPROIC ACID","PLG","APPROVAL",1,0.645249965308404
"DEMECARIUM BROMIDE","ACHE","APPROVAL",1,0.645249965308404
"PHYSOSTIGMINE SALICYLATE","ACHE","UNKNOWN",1,0.645249965308404
"PHYSOSTIGMINE","ACHE","APPROVAL",1,0.645249965308404
"NINTEDANIB ESYLATE","KDR; PDGFRB","APPROVAL",1,0.647438325124216
"CEDIRANIB","KDR; PDGFRB","APPROVAL",1,0.647438325124216
"PRALIDOXIME","ACHE","PHASE_2",1,0.653014985607966
"MINAPRINE","ACHE","APPROVAL",1,0.653014985607966
"DUVELISIB","PIK3CD","APPROVAL",1,0.653014985607966
"BRONTICTUZUMAB","NOTCH1","PHASE_1",1,0.653014985607966
"MOTESANIB","KDR; PDGFRB","PHASE_3",1,0.656904329024432
"HEXAFLUORENIUM BROMIDE","ACHE","APPROVAL",1,0.660798514116817
"ECHOTHIOPHATE","ACHE","APPROVAL",1,0.660798514116817
"STREPTOKINASE","PLG","APPROVAL",1,0.660798514116817
"OCIPERLIMAB","TIGIT","PHASE_3",1,0.660798514116817
"NEOSTIGMINE","ACHE","APPROVAL",1,0.668602262565157
"ELX-02","RPS27A","PHASE_2",1,0.668602262565157
"NINTEDANIB","KDR; PDGFRB","APPROVAL",1,0.671812156568188
"DEMECARIUM","ACHE","APPROVAL",1,0.676427930030648
"ACOTIAMIDE HYDROCHLORIDE","ACHE","APPROVAL",1,0.676427930030648
"NEOSTIGMINE METHYLSULFATE","ACHE","APPROVAL",1,0.676427930030648
"ATALUREN","RPS27A","APPROVAL",1,0.676427930030648
"ETIGILIMAB","TIGIT","PHASE_2",1,0.676427930030648
"X-82","KDR; PDGFRB","PHASE_2",1,0.681718932428753
"ANISTREPLASE","PLG","APPROVAL",1,0.684277205610158
"GSK-1995057","TNFRSF1A","PHASE_1",1,0.684277205610158
"DOVITINIB","KDR; PDGFRB","PHASE_3",1,0.685675231841
"AMBENONIUM","ACHE","APPROVAL",1,0.692151770982401
"DOMVANALIMAB","TIGIT","PHASE_3",1,0.692151770982401
"BEMARITUZUMAB","FCGR3A","PHASE_3",1,0.692151770982401
"SORAFENIB","KDR; PDGFRB","APPROVAL",1,0.693365594127098
"ISOFLUROPHATE","ACHE","APPROVAL",1,0.700053302874625
"AMEDIPLASE","PLG","PHASE_3",1,0.700053302874625
"ORANTINIB","KDR; PDGFRB","PHASE_3",1,0.701450616246765
"MIDOSTAURIN","KDR; PDGFRB","APPROVAL",1,0.70624016731489
"XL-999","KDR; PDGFRB","PHASE_2",1,0.707058043754015
"TIRAGOLUMAB","TIGIT","PHASE_3",1,0.707983475445409
"IBI-939","TIGIT","PHASE_1",1,0.707983475445409
"RG-1530","KDR; PDGFRB","PHASE_1",1,0.709277258687938
"TELATINIB","KDR; PDGFRB","PHASE_2",1,0.712756022799003
"ANG1005","LRP1","PHASE_3",1,0.71594396259467
"ITOPRIDE","ACHE","APPROVAL",1,0.71594396259467
"DESMOTEPLASE","PLG","PHASE_3",1,0.71594396259467
"SU-014813","KDR; PDGFRB","PHASE_2",1,0.71662290439029
"XL-820","KDR; PDGFRB","PHASE_2",1,0.717136167058038
"FORETINIB","KDR; PDGFRB","PHASE_2",1,0.720833411895048
"TECHNETIUM TC 99M SUCCIMER","A2M","APPROVAL",1,0.723936440211189
"CINPANEMAB","SNCA","PHASE_2",1,0.723936440211189
"FAMITINIB","KDR; PDGFRB","PHASE_3",1,0.724442341061697
"REGORAFENIB","KDR; PDGFRB","APPROVAL",1,0.728468713581212
"SORAFENIB TOSYLATE","KDR; PDGFRB","APPROVAL",1,0.732957004949654
"JI-101","KDR; PDGFRB","PHASE_2",1,0.735497331947033
"TAK-593","KDR; PDGFRB","PHASE_1",1,0.737911030468635
"ECHOTHIOPHATE IODIDE","ACHE","APPROVAL",1,0.740024093469077
"AFLIBERCEPT","PGF","APPROVAL",1,0.740024093469077
"AMY-101","C3","PHASE_2",1,0.740024093469077
"COPANLISIB","PIK3CD; PIK3CA","APPROVAL",1,0.740449394707328
"PYRIDOSTIGMINE BROMIDE","ACHE","APPROVAL",1,0.74812265037225
"EDROPHONIUM","ACHE","APPROVAL",1,0.756259964468745
"RIVASTIGMINE TARTRATE","ACHE","APPROVAL",1,0.756259964468745
"APRATASTAT","ADAM17","PHASE_2",1,0.756259964468745
"VIBOSTOLIMAB","TIGIT","PHASE_3",1,0.756259964468745
"PRASINEZUMAB","SNCA","PHASE_3",1,0.764437753754404
"PRALIDOXIME CHLORIDE","ACHE","APPROVAL",1,0.772657750883274
"BOSUTINIB","HCK; LYN; SRC","APPROVAL",1,0.777304530716392
"CATEQUENTINIB","KDR; PDGFRB","PHASE_3",1,0.782351096792345
"COPANLISIB HYDROCHLORIDE","PIK3CD; PIK3CA","APPROVAL",1,0.79347723977988
"TB-403","PGF","PHASE_2",1,0.797588578769535
"AL-78898A","C3","PHASE_2",1,0.797588578769535
"AZD-8186","PIK3CB; PIK3CD","PHASE_1_2",1,0.801161456341333
"PEGCETACOPLAN","C3","APPROVAL",1,0.805995098727997
"TIVOZANIB","KDR; PDGFRB","APPROVAL",1,0.821616092547833
"AZD-1236","MMP9; MME","PHASE_2",1,0.863713900998061
"XL-228","HCK; LYN; SRC; FYN","PHASE_1",1,0.958363990591017
"FIMEPINOSTAT","PIK3CB; PIK3CD; PIK3CA","PHASE_2",1,0.966118897659616
"RECILISIB","PIK3R1; PIK3R2; PIK3R3; PIK3CB; PIK3CD; PIK3CA","PHASE_1",1,0.98171126925796
"BMS-779788","NR1H2","PHASE_1",1,0.997496867163
"TASELISIB","PIK3R1; PIK3R2; PIK3R3; PIK3CB; PIK3CD; PIK3CA","PHASE_3",1,1.00031032214368
"VOXTALISIB","PIK3R1; PIK3R2; PIK3R3; PIK3CB; PIK3CD; PIK3CA","PHASE_2",1,1.02560086917726
"GEDATOLISIB","PIK3R1; PIK3R2; PIK3R3; PIK3CB; PIK3CD; PIK3CA","PHASE_3",1,1.03571088030512
"SF-1126","PIK3R1; PIK3R2; PIK3R3; PIK3CB; PIK3CD; PIK3CA","PHASE_2",1,1.04346650120354
"PILARALISIB","PIK3R1; PIK3R2; PIK3R3; PIK3CB; PIK3CD; PIK3CA","PHASE_2",1,1.06260209311633
"PANULISIB","PIK3R1; PIK3R2; PIK3R3; PIK3CB; PIK3CD; PIK3CA","PHASE_1",1,1.07305230583445
"BUPARLISIB","PIK3R1; PIK3R2; PIK3R3; PIK3CB; PIK3CD; PIK3CA","PHASE_3",1,1.10383576216324
"VS-5584","PIK3R1; PIK3R2; PIK3R3; PIK3CB; PIK3CD; PIK3CA","PHASE_1",1,1.13876406947303
"DACTOLISIB","PIK3R1; PIK3R2; PIK3R3; PIK3CB; PIK3CD; PIK3CA","PHASE_3",1,1.14445762839303
"ENMD-981693","HCK; LYN; SRC; FYN; KDR; PDGFRB","PHASE_2",1,1.14933914839694
"GSK-1059615","PIK3R1; PIK3R2; PIK3R3; PIK3CB; PIK3CD; PIK3CA","PHASE_1",1,1.15137511375224
"APITOLISIB","PIK3R1; PIK3R2; PIK3R3; PIK3CB; PIK3CD; PIK3CA","PHASE_2",1,1.15565853389644
"PICTILISIB","PIK3R1; PIK3R2; PIK3R3; PIK3CB; PIK3CD; PIK3CA","PHASE_2",1,1.1585707364204
"ZSTK-474","PIK3R1; PIK3R2; PIK3R3; PIK3CB; PIK3CD; PIK3CA","PHASE_1",1,1.18739940611064
"IZORLISIB","PIK3R1; PIK3R2; PIK3R3; PIK3CB; PIK3CD; PIK3CA","PHASE_1_2",1,1.19223679335465
"PAXALISIB","PIK3R1; PIK3R2; PIK3R3; PIK3CB; PIK3CD; PIK3CA","PHASE_2_3",1,1.20796496945564
"SONOLISIB","PIK3R1; PIK3R2; PIK3R3; PIK3CB; PIK3CD; PIK3CA","PHASE_2",1,1.22021460002267
"SAMOTOLISIB","PIK3R1; PIK3R2; PIK3R3; PIK3CB; PIK3CD; PIK3CA","PHASE_2",1,1.24211026970648
"ABEQUOLIXRON","NR1H3; NR1H2","PHASE_1_2",1,1.24460726000169
"ILORASERTIB","HCK; LYN; SRC; FYN; KDR; PDGFRB","PHASE_2",1,1.24486456997481
"PF-04691502","PIK3R1; PIK3R2; PIK3R3; PIK3CB; PIK3CD; PIK3CA","PHASE_2",1,1.24512723859171
"AZD-6482","PIK3R1; PIK3R2; PIK3R3; PIK3CB; PIK3CD; PIK3CA","UNKNOWN",1,1.24562997764696
"LXR-623","NR1H3; NR1H2","PHASE_1",1,1.25648236603563
"ROVAZOLAC","NR1H3; NR1H2","PHASE_2",1,1.25966445154166
"OMIPALISIB","PIK3R1; PIK3R2; PIK3R3; PIK3CB; PIK3CD; PIK3CA","PHASE_1",1,1.26002543282101
"WX-037","PIK3R1; PIK3R2; PIK3R3; PIK3CB; PIK3CD; PIK3CA","PHASE_1",1,1.26066097274962
"BGT-226","PIK3R1; PIK3R2; PIK3R3; PIK3CB; PIK3CD; PIK3CA","PHASE_1_2",1,1.26889784280995
"BMS-852927","NR1H3; NR1H2","PHASE_1",1,1.30499345941936
"TG100-801","HCK; LYN; SRC; FYN; KDR; PDGFRB","PHASE_2",1,1.3215487451848
"CS-8080","NR1H3; NR1H2","PHASE_1",1,1.34898337925304
"HYODEOXYCHOLIC_ACID","NR1H3; NR1H2","PHASE_1",1,1.35675822831704
"DS-7423","PIK3R1; PIK3R2; PIK3R3; PIK3CB; PIK3CD; PIK3CA","PHASE_1",1,1.39180437502915
