gene,degree_centrality,betweenness_centrality,eigenvector_centrality
APOE,0.3048327137546468,0.08177611746122376,0.21960853619463813
EGFR,0.2788104089219331,0.06482961672026255,0.12506522756581712
APP,0.27137546468401486,0.09283936793570266,0.19295914278867007
SRC,0.21933085501858735,0.029447058276358105,0.11590225197797553
CLU,0.20446096654275092,0.026916048283230153,0.17477985124691334
APOA1,0.18587360594795538,0.009630617724920396,0.17756641387456734
FYN,0.18587360594795538,0.023832471385601264,0.09054060211420385
APOB,0.1821561338289963,0.007091789143191427,0.17628931591700478
GRB2,0.16728624535315983,0.02492026280159596,0.08635143848962648
TNF,0.16356877323420074,0.03116562876548366,0.08828632703239588
KDR,0.15613382899628253,0.011020679156757843,0.07473544138363028
ALB,0.15613382899628253,0.011346303416479155,0.13021542050612914
CBL,0.15613382899628253,0.014982514307054036,0.07827903428307885
STAT3,0.1486988847583643,0.01231748569222579,0.09054051488396202
IL6,0.1486988847583643,0.016363344807482205,0.09432749324793319
APOH,0.1449814126394052,0.003517688140002818,0.15491215407324413
APOA2,0.1449814126394052,0.0013155795949437072,0.15832240454272398
PTPN11,0.1449814126394052,0.008964997622343908,0.07822214038663565
TLR4,0.14126394052044608,0.017100054448711176,0.08939014264041696
FN1,0.14126394052044608,0.015123815972764782,0.10563677092383016
PIK3R1,0.137546468401487,0.002498817329089031,0.07844898779692352
LYN,0.137546468401487,0.004110796519739394,0.07487487467502629
APOC3,0.137546468401487,0.0007440887095715441,0.15503129941647376
PDGFRB,0.137546468401487,0.005622296400703434,0.06787286685577325
PIK3CA,0.13382899628252787,0.0032486471922164254,0.07499619888752888
SYK,0.13382899628252787,0.008331421754033366,0.06859481474327418
APOC2,0.13011152416356878,0.0011292708836659663,0.14687819592722964
APOA4,0.13011152416356878,0.0006754775934836223,0.14947713750033417
CETP,0.13011152416356878,0.002422014641900921,0.14465734855965967
APOC1,0.13011152416356878,0.0011292708836659663,0.14687819592722964
SHC1,0.12639405204460966,0.0046696763148439974,0.07752896789006138
PLTP,0.12639405204460966,0.001213949818012548,0.14413506357485673
CSF1R,0.12639405204460966,0.011837878649322958,0.05561402846667258
LCAT,0.12639405204460966,0.0022931591879232745,0.14522061654437
PLCG2,0.12267657992565055,0.0035855097895456877,0.06607429547719312
INS,0.12267657992565055,0.010139568062984588,0.09312520172281633
PON1,0.12267657992565055,0.0006641730267240267,0.1448117882701483
LPA,0.11895910780669144,0.0007316839547718034,0.14164650287766065
PIK3R2,0.11895910780669144,0.0009083001089043111,0.06945191778419327
PIK3CB,0.11895910780669144,0.008633437880709714,0.0652173100625291
APOL1,0.11524163568773234,0.0022655199331783355,0.1362017458432127
HCK,0.11524163568773234,0.001434944003422802,0.06232916044930721
APOM,0.11524163568773234,0.0002393778790391437,0.13812946497936882
IL1B,0.11524163568773234,0.006169425690701331,0.07619173967267272
MMP9,0.11152416356877323,0.007115490773029443,0.07328271931653423
PIK3R3,0.10780669144981413,0.0008032201380915858,0.061503510012498305
APOA5,0.10780669144981413,0.00013124818586027166,0.13214800665903187
ITGB1,0.10780669144981413,0.007476520867851871,0.06849943171525204
SCARB1,0.10408921933085502,0.0065726462146148395,0.09322302082746244
CTNNB1,0.10408921933085502,0.04270311556807804,0.06033117719017126
CRK,0.10408921933085502,0.0037786374970221973,0.05659260624327268
APOC4,0.10408921933085502,0.00012186645395198522,0.12931597293318406
PSEN1,0.10408921933085502,0.015099295758549514,0.03584701614560583
SAA1,0.10408921933085502,0.0031018491581781002,0.11497589458788834
PIK3CD,0.10408921933085502,0.000651131707450661,0.06077670003915298
IL10,0.1003717472118959,0.013251148214523906,0.062499633148750566
HPR,0.1003717472118959,6.134337734469375e-05,0.12637920783233414
INPP5D,0.1003717472118959,0.011419683310051684,0.047953315031128596
SELENOS,0.1003717472118959,4.7588557181989816e-05,0.1268519076925661
PCYOX1,0.0966542750929368,2.692696331577918e-05,0.12380645539718632
LPL,0.0966542750929368,0.0027335681104310307,0.10410385572513861
CRKL,0.0966542750929368,0.0019367879369381372,0.057091207378243185
GAB2,0.0966542750929368,0.004019353970453417,0.06265455694252267
CRP,0.0966542750929368,0.002936609623637798,0.0786283678841461
PLA2G7,0.0966542750929368,0.00010121975254257632,0.12270416529545959
APOF,0.09293680297397769,5.68607282467277e-05,0.11391433920725717
DBI,0.09293680297397769,0.0,0.12024781953802903
PEX3,0.09293680297397769,0.0,0.12024781953802903
TRAF6,0.09293680297397769,0.0097386700477384,0.04483827951382377
CD2AP,0.09293680297397769,0.023551159313572618,0.03042078643143494
PTPN6,0.08921933085501858,0.00604341905576056,0.04844799272268017
CAV1,0.08921933085501858,0.005353754508562547,0.06756659436887347
ERBB4,0.08550185873605948,0.00614781197692101,0.049863396292741315
PICALM,0.08550185873605948,0.016334878334314382,0.03130967700640592
ICAM1,0.08178438661710037,0.0022022336261764562,0.05739694449666746
SAA2,0.08178438661710037,0.001289961123024194,0.0964245402425862
PSEN2,0.08178438661710037,0.00822520789103206,0.02964495071235285
FCGR3A,0.07806691449814127,0.004545219423152194,0.04659304793135129
GAB1,0.07806691449814127,0.0002628744659538941,0.044516799400531326
A2M,0.07806691449814127,0.0017953504444530614,0.06630359092825544
VTN,0.07806691449814127,0.004987883289060012,0.05785717939128681
LIPC,0.07806691449814127,0.0003849443018282215,0.09212935092057942
INPPL1,0.07434944237918215,0.0007896632587186233,0.04633392054545693
SERPINA1,0.07434944237918215,0.0006311969177647107,0.08235516073320584
ABCA7,0.07063197026022304,0.013421521014875837,0.02768814152759454
BIN1,0.07063197026022304,0.016937347289129767,0.032972582444481674
UBC,0.07063197026022304,0.0086549448856163,0.019443249989657945
MPO,0.07063197026022304,0.0025876152249407407,0.05030817809012372
TRAF2,0.07063197026022304,0.004007849988260258,0.029853338435984984
TNFRSF1A,0.07063197026022304,0.006270800214287959,0.033990501337108195
IL6R,0.06691449814126393,0.0015742926081287103,0.03629065762697141
LRP1,0.06691449814126393,0.002846293618461234,0.05002713321233919
SAA4,0.06691449814126393,5.64152229347506e-05,0.08423395648586468
LCP2,0.06691449814126393,0.0005369160073718772,0.03756761077188525
GRAP2,0.06691449814126393,0.00015515977126318516,0.04135143802471089
TYROBP,0.06691449814126393,0.004187931171296841,0.03336342970034298
CD33,0.06691449814126393,0.007913663457577231,0.034103215435695194
TREM2,0.06691449814126393,0.006851393757871296,0.03982480880873838
ADAM10,0.06319702602230483,0.01645695427666939,0.02139928434969877
SORL1,0.06319702602230483,0.010550086888248806,0.02955824472818544
BACE1,0.06319702602230483,0.0022972998281527643,0.024952589632702
RPS27A,0.06319702602230483,0.006345256434698548,0.016204611771822777
CBLB,0.06319702602230483,0.0018162773789166902,0.031312727486482984
MAPT,0.06319702602230483,0.010040676139673445,0.03426100562991873
ABCA1,0.05947955390334572,0.0024633049292008165,0.06035224416773717
PLG,0.05947955390334572,0.0027893684895578864,0.03597115977043039
CSK,0.05947955390334572,0.013922071823338295,0.034105167770739124
CD68,0.05947955390334572,0.0012067334980181265,0.0388186781264846
UBB,0.055762081784386616,0.005131939175580715,0.01586270126712499
NOTCH1,0.055762081784386616,0.010642501444203572,0.026648099897680282
LTF,0.055762081784386616,0.0016375583844290631,0.04656937136866235
VLDLR,0.055762081784386616,8.897754447885993e-05,0.07078502958808627
C3,0.055762081784386616,0.0029337052882036077,0.04987137872337224
MS4A6A,0.05204460966542751,0.006912385784000661,0.0131048580970087
APOD,0.05204460966542751,0.0,0.07072448733735287
LRP2,0.05204460966542751,0.0017199553014001364,0.051972858959333255
UBA52,0.05204460966542751,0.006290729701967083,0.010064990349059928
SHC2,0.0483271375464684,0.00014408241143207232,0.03071859858927074
NCSTN,0.0483271375464684,0.000991248153723632,0.015976188362261723
PSENEN,0.0483271375464684,0.001321358390610543,0.02243576026271137
SNCA,0.0483271375464684,0.0029390936106049206,0.04172299685102189
SHC3,0.0483271375464684,0.00014408241143207232,0.03071859858927074
CASS4,0.0483271375464684,0.001991793941628452,0.008473332375792857
APH1A,0.0483271375464684,0.000991248153723632,0.015976188362261723
SHC4,0.04460966542750929,0.00010239676925640117,0.028925114269468394
ACE,0.04460966542750929,0.00109513503909568,0.032625092959119306
PTK2B,0.04460966542750929,0.0009352017899718596,0.029073164721718493
PGF,0.04460966542750929,0.0005187634884310059,0.021700298662111574
MMP3,0.04460966542750929,0.0005054976869144849,0.034031805996327685
NCK2,0.040892193308550186,0.004495788762322254,0.019750915150864752
HSPG2,0.040892193308550186,0.0020426001198334347,0.031568052926382706
MS4A4E,0.040892193308550186,0.012747653951526262,0.011238220540583082
VEGFC,0.040892193308550186,0.00021327603842523184,0.019630419783601305
EPHA1,0.040892193308550186,0.0033276428528578013,0.010064825032182112
PRNP,0.03717472118959107,0.00028029605894388783,0.02538308136900337
ZCWPW1,0.03717472118959107,0.0004674453085665992,0.005036841851234924
PIK3C2B,0.03717472118959107,1.3678119114020734e-05,0.023264212797444776
IGHV3-43D,0.03345724907063197,0.002294030251937582,0.019752394387789488
IGHV3-16,0.03345724907063197,0.0014639115740972205,0.019136298857477804
VEGFB,0.03345724907063197,3.158965557800184e-05,0.014303326008391654
NME8,0.03345724907063197,0.0010559139775089472,0.004606495375964577
CTSB,0.02973977695167286,0.00030045588086982205,0.016932973448141736
VEGFD,0.02973977695167286,2.02390196781788e-05,0.013827747622811765
APH1B,0.02973977695167286,0.0001826737103388931,0.011083800102022746
RUNX1,0.02973977695167286,0.005370916431748156,0.012868299719344107
PDGFC,0.02973977695167286,4.8801195801385463e-05,0.015222810142905703
WASL,0.02973977695167286,0.00031239774566320903,0.01917960420413699
MMEL1,0.02973977695167286,0.00014352764923114571,0.012834747764419755
CST3,0.02973977695167286,0.00014314145932128595,0.034950107093756545
ACHE,0.026022304832713755,0.0001160812163154376,0.01843973190240412
MS4A6E,0.026022304832713755,0.002552977173499258,0.0023395390654505264
FERMT2,0.026022304832713755,0.004026158828666378,0.0057750124339525435
LRP8,0.026022304832713755,7.052608787536686e-05,0.03300803233202104
LILRB2,0.026022304832713755,9.435683805844132e-05,0.012171985613398049
ADAM17,0.026022304832713755,0.0005021096443724297,0.013923088240146096
NCOR2,0.026022304832713755,0.013184452170534575,0.002521723361732105
IGFBP3,0.026022304832713755,0.000162890160456928,0.017607859805617295
UBE2V2,0.026022304832713755,0.00019326454543919743,0.004528351261428958
TIGIT,0.026022304832713755,0.019080501853444957,0.006400465744900958
SLC24A4,0.022304832713754646,4.178342172847875e-05,0.0025455151409580087
EFNA3,0.022304832713754646,0.0008369584018031368,0.012566580149622565
EFNA1,0.022304832713754646,0.0008369584018031368,0.012566580149622565
SHARPIN,0.022304832713754646,0.0002467609819975751,0.006189432842832967
SORT1,0.022304832713754646,0.000904901915328326,0.023428662474044504
TRAF5,0.022304832713754646,6.399846869237408e-05,0.00415259931721594
NR1H3,0.022304832713754646,0.002674275942189993,0.0187351845245948
ITPR3,0.022304832713754646,0.00022651685238573845,0.009424378334378558
EPN2,0.022304832713754646,0.0002590771209830424,0.007460383638701101
EFNA2,0.022304832713754646,0.0008369584018031368,0.012566580149622565
MME,0.022304832713754646,0.00038416583138798526,0.012749518886801169
TANK,0.022304832713754646,0.0002577245249479787,0.009368473230363357
TMED10,0.022304832713754646,0.0,0.0042232673011367745
RIN3,0.022304832713754646,0.00010463563634352436,0.0027106117515195097
GSAP,0.018587360594795536,0.0,0.00913228375093187
TOMM40,0.018587360594795536,0.0052145943524925555,0.022807814562708445
FBN1,0.018587360594795536,9.176954405137832e-06,0.010862505306785265
KMT2C,0.018587360594795536,0.00024797666873196326,0.002400711453066891
CCRL2,0.018587360594795536,0.0,0.01221233778835851
ITPR2,0.018587360594795536,0.00016951441467199564,0.0067588150144651344
H2BC4,0.018587360594795536,0.00048780545958672914,0.003145699449620454
GRN,0.018587360594795536,0.0006300412223939237,0.004014285179627038
C9,0.018587360594795536,0.00035347349849641085,0.01643369435972348
EFNA4,0.018587360594795536,0.00017350448211304217,0.011876507542910789
MS4A4A,0.01486988847583643,8.691260509996876e-05,0.0014201348203469548
NR1H2,0.01486988847583643,0.0015026935144811344,0.009713424710258649
GULP1,0.01486988847583643,0.0003326772085221055,0.011606911012546085
MS4A10,0.01486988847583643,1.587302588107116e-05,0.0009062417802146077
NECTIN2,0.01486988847583643,0.0018427111924183264,0.0009576589994710501
MINDY2,0.01486988847583643,0.0,0.001985725927256908
DOK1,0.01486988847583643,0.0001072294905237197,0.00512438007785209
LIPG,0.01486988847583643,0.0,0.01671869235202885
PITX2,0.01486988847583643,0.012289851855961827,0.002014604700713283
EPN3,0.01486988847583643,0.00011960647360447784,0.006346705130481995
STAP2,0.011152416356877323,4.2160192880817036e-06,0.008746454426746113
VENTX,0.011152416356877323,0.0003499500762688857,0.004903189991869926
TCN2,0.011152416356877323,0.0001571715575273333,0.0057021270992814385
IL34,0.011152416356877323,3.987236989756646e-05,0.003047566953315041
PVRIG,0.011152416356877323,2.774232924596349e-05,0.00024445339762778253
CR1,0.011152416356877323,8.156477724197126e-05,0.0035257413835792237
NECTIN3,0.011152416356877323,2.774232924596349e-05,0.00024445339762778253
PVR,0.011152416356877323,9.247443081987829e-06,0.00022217308935249734
MS4A12,0.007434944237918215,0.0,0.00043784728384204703
PILRA,0.007434944237918215,0.0,0.004084976511927695
TMEM106B,0.007434944237918215,0.0,0.0012342949509781
TSPAN15,0.007434944237918215,0.0,0.000713067215745225
TCF7L2,0.007434944237918215,0.00013506700367284423,0.0021036973089119193
MT-ATP8,0.007434944237918215,2.774232924596349e-05,
LIMS1,0.007434944237918215,5.6794455196014554e-05,0.0008231804080074972
SAP30L,0.007434944237918215,0.0,8.403024896551713e-05
TBX5,0.007434944237918215,0.0,0.0020105453752899067
MS4A8,0.007434944237918215,0.0,0.00043784728384204703
CIR1,0.007434944237918215,0.0,8.403024896551711e-05
LILRA5,0.007434944237918215,0.0,0.0037745022039178673
TSPAN14,0.007434944237918215,0.0,0.000713067215745225
DOCK3,0.007434944237918215,0.0,0.004744877910623671
NOX4,0.0037174721189591076,0.0,0.002882661184105338
NBPF4,0.0037174721189591076,0.0,
BLID,0.0037174721189591076,0.0,0.000953174945698109
ATP5F1C,0.0037174721189591076,0.0,
CNTNAP2,0.0037174721189591076,0.0,0.001063288298935221
CDH13,0.0037174721189591076,0.0,0.001945577574219835
HCN4,0.0037174721189591076,0.0,6.496780107007182e-05
SCIMP,0.0037174721189591076,0.0,0.001099852626177386
NBPF6,0.0037174721189591076,0.0,
DIRAS2,0.0037174721189591076,0.0,0.002103192049118644
ZFHX3,0.0037174721189591076,0.0,6.496780107007182e-05
MT-ND1,0.0037174721189591076,0.0,
RHOH,0.0037174721189591076,0.0,0.001099852626177386
SPPL2A,0.0037174721189591076,0.0,0.002847047613988165
HFE,0.0,0.0,
ATP8B4,0.0,0.0,
RASGEF1C,0.0,0.0,
PDE3A,0.0,0.0,
FAM20B,0.0,0.0,
IDUA,0.0,0.0,
ADGRA3,0.0,0.0,
PSME4,0.0,0.0,
EPHX2,0.0,0.0,
ZFTA,0.0,0.0,
CLNK,0.0,0.0,
ZNF568,0.0,0.0,
BARHL2,0.0,0.0,
KHDRBS2,0.0,0.0,
MTHFD1L,0.0,0.0,
EPB41L1,0.0,0.0,
ZNF652,0.0,0.0,
USP6NL,0.0,0.0,
LRRC25,0.0,0.0,
TSPOAP1,0.0,0.0,
BCL11A,0.0,0.0,
JAZF1,0.0,0.0,
DIO2,0.0,0.0,
ANO5,0.0,0.0,
ECHDC3,0.0,0.0,
PRDM9,0.0,0.0,
MELK,0.0,0.0,
SDK1,0.0,0.0,
ELOVL7,0.0,0.0,
PRSS8,0.0,0.0,
SDCCAG8,0.0,0.0,
PDE4B,0.0,0.0,
SLC26A1,0.0,0.0,
ULK4,0.0,0.0,
FBXL22,0.0,0.0,
ABI3,0.0,0.0,
PTPRN2,0.0,0.0,
CEP170,0.0,0.0,
CCDC6,0.0,0.0,
GLIS3,0.0,0.0,
MOB3B,0.0,0.0,
