drug_name,targets,max_clinical_stage,real_distance,z_score
IMC-CS4,CSF1R,PHASE_1_2,0.0,-3.086473033978052
PEXIDARTINIB HYDROCHLORIDE,CSF1R,APPROVAL,0.0,-2.9195563916132063
PLX-5622,CSF1R,PHASE_1,0.0,-2.8444523358476395
EDICOTINIB,CSF1R,PHASE_2,0.0,-2.8444523358476395
CT-1578,CSF1R,PHASE_1,0.0,-2.8444523358476395
OLMUTINIB,EGFR,APPROVAL,0.0,-2.774103850599873
MDX-447,EGFR,PHASE_1,0.0,-2.774103850599873
AMG-820,CSF1R,PHASE_1_2,0.0,-2.70801280154532
AXATILIMAB,CSF1R,PHASE_3,0.0,-2.586949495507729
TAK-285,EGFR,PHASE_1,0.0,-2.586949495507729
BAFISONTAMAB,EGFR,PHASE_2,0.0,-2.586949495507729
AZD-3759,EGFR,PHASE_2_3,0.0,-2.428281640201139
ARRY-382,CSF1R,PHASE_2,0.0,-2.428281640201139
FALNIDAMOL,EGFR,PHASE_1,0.0,-2.4282816402011385
EMACTUZUMAB,CSF1R,PHASE_3,0.0,-2.3804761428476167
AZD-4769,EGFR,PHASE_1,0.0,-2.3804761428476167
FUTUXIMAB,EGFR,PHASE_3,0.0,-2.3804761428476167
ABIVERTINIB MALEATE,EGFR,PHASE_3,0.0,-2.3348689263480744
MAVELERTINIB,EGFR,PHASE_1_2,0.0,-2.3348689263480744
S-222611,EGFR,PHASE_1,0.0,-2.3348689263480744
OSIMERTINIB MESYLATE,EGFR,APPROVAL,0.0,-2.3348689263480744
LAZERTINIB,EGFR,APPROVAL,0.0,-2.2912878474779195
NAQUOTINIB,EGFR,PHASE_3,0.0,-2.2912878474779195
DEPATUXIZUMAB,EGFR,PHASE_2,0.0,-2.2912878474779195
PLX-7486,CSF1R,PHASE_1,0.0,-2.2912878474779195
MOBOCERTINIB SUCCINATE,EGFR,APPROVAL,0.0,-2.2912878474779195
OSIMERTINIB,EGFR,APPROVAL,0.0,-2.249579085208177
PIMURUTAMAB,EGFR,PHASE_2_3,0.0,-2.1712405933672376
ALLITINIB,EGFR,PHASE_1,0.0,-2.171240593367237
DULIGOTUZUMAB,EGFR,PHASE_2,0.0,-2.171240593367237
CUSTIRSEN SODIUM,CLU,PHASE_2,0.0,-2.171240593367237
PYROTINIB,EGFR,PHASE_3,0.0,-2.1343747458109497
ERLOTINIB HYDROCHLORIDE,EGFR,APPROVAL,0.0,-2.1343747458109497
CETUXIMAB,EGFR,APPROVAL,0.0,-2.1343747458109497
AMIVANTAMAB,EGFR,APPROVAL,0.0,-2.1343747458109497
TUXOBERTINIB,EGFR,PHASE_1_2,0.0,-2.098905763822046
TOMUZOTUXIMAB,EGFR,PHASE_2,0.0,-2.0989057638220454
NECITUMUMAB,EGFR,APPROVAL,0.0,-2.0989057638220454
ABIVERTINIB,EGFR,PHASE_3,0.0,-2.064741604835056
BRIGATINIB,EGFR,APPROVAL,0.0,-2.064741604835056
AV-412,EGFR,PHASE_1,0.0,-2.064741604835056
MIPOMERSEN SODIUM,APOB,APPROVAL,0.0,-2.064741604835056
THELIATINIB,EGFR,PHASE_1,0.0,-2.064741604835056
ERLOTINIB,EGFR,APPROVAL,0.0,-2.064741604835056
TESEVATINIB,EGFR,PHASE_3,0.0,-2.031798495964875
MOBOCERTINIB,EGFR,APPROVAL,0.0,-2.031798495964875
MAB-425,EGFR,UNKNOWN,0.0,-2.031798495964875
VARLITINIB,EGFR,PHASE_2_3,0.0,-2.031798495964875
RUSERONTINIB,EGFR,PHASE_3,0.0,-2.0
FIRMONERTINIB,EGFR,PHASE_3,0.0,-2.0
PANITUMUMAB,EGFR,APPROVAL,0.0,-2.0
CLN-081,EGFR,PHASE_3,0.0,-2.0
CABIRALIZUMAB,CSF1R,PHASE_2,0.0,-2.0
SAPITINIB,EGFR,PHASE_2,0.0,-1.969276207261898
LAPATINIB DITOSYLATE,EGFR,APPROVAL,0.0,-1.969276207261898
CUSTIRSEN,CLU,PHASE_3,0.0,-1.9692762072618977
RINDOPEPIMUT,EGFR,PHASE_3,0.0,-1.9692762072618977
SIMOTINIB,EGFR,PHASE_1,0.0,-1.9692762072618977
NIMOTUZUMAB,EGFR,APPROVAL,0.0,-1.9692762072618977
LEVILIMAB,IL6R,APPROVAL,0.0,-1.9692762072618974
MATUZUMAB,EGFR,PHASE_2,0.0,-1.9395630337539338
GEFITINIB,EGFR,APPROVAL,0.0,-1.9395630337539336
CETUXIMAB SAROTALOCAN,EGFR,APPROVAL,0.0,-1.9395630337539336
PKI-166,EGFR,PHASE_2,0.0,-1.9395630337539336
EPITINIB,EGFR,PHASE_1,0.0,-1.9395630337539336
PF-06459988,EGFR,PHASE_2,0.0,-1.9395630337539331
AUMOLERTINIB,EGFR,APPROVAL,0.0,-1.9395630337539331
LAPATINIB,EGFR,APPROVAL,0.0,-1.9108016094554858
ROSIPTOR,INPP5D,PHASE_3,0.0,-1.9108016094554858
LOSATUXIZUMAB VEDOTIN,EGFR,PHASE_1,0.0,-1.9108016094554856
NAZARTINIB,EGFR,PHASE_3,0.0,-1.9108016094554856
ROCILETINIB,EGFR,APPROVAL,0.0,-1.9108016094554856
DEPATUXIZUMAB MAFODOTIN,EGFR,PHASE_3,0.0,-1.8829377433825436
ZALUTUMUMAB,EGFR,PHASE_3,0.0,-1.8829377433825434
ICOTINIB,EGFR,APPROVAL,0.0,-1.8297065576087663
LAZERTINIB MESYLATE,EGFR,APPROVAL,0.0,-1.8042503010769237
MODOTUXIMAB,EGFR,PHASE_2,0.0,-1.8042503010769237
GC1118,EGFR,PHASE_2,0.0,-1.7795130420052185
MIPOMERSEN,APOB,APPROVAL,0.0,-1.7795130420052185
CEP-32496,EGFR,PHASE_1_2,0.0,-1.7795130420052183
PELITINIB,EGFR,PHASE_2,0.0,-1.755457961063501
CUDC-101,EGFR,PHASE_1,0.0,-1.6870547845739468
SATRALIZUMAB,IL6R,APPROVAL,0.0,-1.6442942874387492
LINTUZUMAB,CD33,PHASE_3,0.0,-1.644294287438749
GEMTUZUMAB,CD33,PHASE_2,0.0,-1.6236882817719773
VOBARILIZUMAB,IL6R,PHASE_2,0.0,-1.6236882817719773
ONCOLYSIN M,CD33,PHASE_1,0.0,-1.6236882817719773
TOCILIZUMAB,IL6R,APPROVAL,0.0,-1.5839103288458476
QUIZARTINIB,CSF1R; PDGFRB,APPROVAL,0.5,-1.5667256310956927
SPIRAPRIL,ACE,APPROVAL,0.0,-1.5646967316604727
ENALAPRIL,ACE,APPROVAL,0.0,-1.5459076649252297
AVE-9633,CD33,PHASE_1,0.0,-1.5095325516828593
SARILUMAB,IL6R,APPROVAL,0.0,-1.4919136877222166
CAPTOPRIL,ACE,APPROVAL,0.0,-1.4919136877222166
ILEPATRIL,ACE,PHASE_2_3,0.0,-1.4746535778287642
LISINOPRIL ANHYDROUS,ACE,PHASE_3,0.0,-1.4577379737113252
BENAZEPRIL,ACE,APPROVAL,0.0,-1.4411533842457844
ENMD-2076,CSF1R; KDR,PHASE_2,0.5,-1.431789207065373
CILAZAPRIL,ACE,APPROVAL,0.0,-1.42488702369803
FOSINOPRIL SODIUM,ACE,APPROVAL,0.0,-1.4089267641952408
DEFACTINIB,PTK2B,PHASE_3,0.0,-1.3932610920384718
RAMIPRIL,ACE,APPROVAL,0.0,-1.3932610920384718
TRANDOLAPRIL,ACE,APPROVAL,0.0,-1.3932610920384718
GEMTUZUMAB OZOGAMICIN,CD33,APPROVAL,0.0,-1.3778790674938353
CONTELTINIB,PTK2B,PHASE_1_2,0.0,-1.3627702877384937
VERDIPERSTAT,MPO,PHASE_3,0.0,-1.3627702877384937
LISINOPRIL,ACE,APPROVAL,0.0,-1.3627702877384937
FOSINOPRIL,ACE,APPROVAL,0.0,-1.3627702877384937
BENAZEPRIL HYDROCHLORIDE,ACE,APPROVAL,0.0,-1.3189867426920032
MOEXIPRIL HYDROCHLORIDE,ACE,APPROVAL,0.0,-1.3189867426920032
ENALAPRILAT,ACE,APPROVAL,0.0,-1.3048765086025202
DELAPRIL,ACE,APPROVAL,0.0,-1.3048765086025202
MOEXIPRIL,ACE,APPROVAL,0.0,-1.2909944487358056
IMIDAPRIL,ACE,APPROVAL,0.0,-1.27733274731701
ENALAPRIL MALEATE,ACE,APPROVAL,0.0,-1.27733274731701
PERINDOPRIL ERBUMINE,ACE,APPROVAL,0.0,-1.2375966910186262
PERINDOPRIL ARGININE,ACE,APPROVAL,0.0,-1.2120791238484125
QUINAPRIL HYDROCHLORIDE,ACE,APPROVAL,0.0,-1.1872820028185669
QUINAPRIL,ACE,APPROVAL,0.0,-1.1872820028185667
SERALUTINIB,CSF1R; PDGFRB,PHASE_3,0.5,-1.1720180773462385
NERATINIB MALEATE,EGFR; ERBB4,APPROVAL,0.5,-1.0993221803693538
RG-4733,PSEN1; PSEN2; APH1B; PSENEN; APH1A; NCSTN,PHASE_2,0.5,-1.0776318121606492
MIROCOCEPT,CR1,PHASE_3,0.0,-1.0408329997330663
VANDETANIB,EPHA1; EGFR; SRC; KDR; ERBB4,APPROVAL,0.6,-1.0256451881367417
CANERTINIB,EGFR; ERBB4,PHASE_2,0.5,-1.024114194069552
POZIOTINIB,EGFR; ERBB4,PHASE_3,0.5,-1.0195857032052136
DACOMITINIB ANHYDROUS,EGFR; ERBB4,PHASE_2,0.5,-1.018956623527491
AEE-788,EGFR; KDR,PHASE_1_2,0.5,-0.9943767126843689
AC-480,EGFR; ERBB4,PHASE_2,0.5,-0.9898960039760462
NIROGACESTAT HYDROBROMIDE,PSEN1; PSEN2; APH1B; PSENEN; APH1A; NCSTN,APPROVAL,0.5,-0.9456749853775336
NERATINIB,EGFR; ERBB4,APPROVAL,0.5,-0.942201716078108
TARLOXOTINIB,EGFR; ERBB4,PHASE_2,0.5,-0.9108988491910853
CANERTINIB DIHYDROCHLORIDE,EGFR; ERBB4,PHASE_2,0.5,-0.8882053623194084
AFATINIB DIMALEATE,EGFR; ERBB4,APPROVAL,0.5,-0.8835100997653139
DACOMITINIB,EGFR; ERBB4,APPROVAL,0.5,-0.8639102097764207
KBP5209,EGFR; ERBB4,PHASE_1,0.5,-0.8553372034476996
PAZOPANIB,CSF1R; KDR; PDGFRB,APPROVAL,0.6666666666666666,-0.8274381283685006
IMGATUZUMAB,EGFR; FCGR3A,PHASE_2,0.5,-0.8036143754318459
AFATINIB,EGFR; ERBB4,APPROVAL,0.5,-0.7826881802794917
SUNITINIB,CSF1R; KDR; PDGFRB,APPROVAL,0.6666666666666666,-0.7748548896567706
VATALANIB,CSF1R; KDR; PDGFRB,PHASE_3,0.6666666666666666,-0.7363579687322451
PAZOPANIB HYDROCHLORIDE,CSF1R; KDR; PDGFRB,APPROVAL,0.6666666666666666,-0.7153499588781028
SUNITINIB MALATE,CSF1R; KDR; PDGFRB,APPROVAL,0.6666666666666666,-0.7144895648635254
LINIFANIB,CSF1R; KDR; PDGFRB,PHASE_3,0.6666666666666666,-0.6106580268910353
BMS-690514,EGFR; KDR; ERBB4,PHASE_2,0.6666666666666666,-0.41602514716892214
DIPYRIDAMOLE,PDE4B; PDE3A,APPROVAL,0.0,-0.316227766016838
OXTRIPHYLLINE,PDE4B; PDE3A,APPROVAL,0.0,-0.30478873808490364
THEOPHYLLINE,PDE4B; PDE3A,APPROVAL,0.0,-0.3047887380849036
ENSIFENTRINE,PDE4B; PDE3A,APPROVAL,0.0,-0.29488391230979427
DYPHYLLINE,PDE4B; PDE3A,APPROVAL,0.0,-0.2847473987257497
IBUDILAST,PDE4B; PDE3A,APPROVAL,0.0,-0.26366402215232193
PENTOXIFYLLINE,PDE4B; PDE3A,APPROVAL,0.0,-0.26366402215232193
DRONEDARONE HYDROCHLORIDE,HCN4,APPROVAL,0.0,-0.2412489548185819
INAMRINONE LACTATE,PDE3A,APPROVAL,0.0,-0.2412489548185819
OGLEMILAST,PDE4B,PHASE_2,0.0,-0.2412489548185819
TRANIMILAST,PDE4B,PHASE_3,0.0,-0.2412489548185819
IVABRADINE,HCN4,APPROVAL,0.0,-0.2412489548185819
DRONEDARONE,HCN4,APPROVAL,0.0,-0.22941573387056183
K-134,PDE3A,PHASE_2,0.0,-0.2294157338705618
LEVOSIMENDAN,PDE3A,APPROVAL,0.0,-0.21707238158772646
ANAGRELIDE HYDROCHLORIDE,PDE3A,APPROVAL,0.0,-0.21707238158772646
FLAVOXATE HYDROCHLORIDE,PDE4B,APPROVAL,0.0,-0.21707238158772646
MK-0873,PDE4B,PHASE_2,0.0,-0.21707238158772646
ME-344,MT-ND1,PHASE_1_2,0.0,-0.21707238158772646
METFORMIN HYDROCHLORIDE,MT-ND1,APPROVAL,0.0,-0.21707238158772643
DOVRAMILAST,PDE4B,PHASE_2,0.0,-0.20412414523193154
CRISABOROLE,PDE4B,APPROVAL,0.0,-0.2041241452319315
DIFAMILAST,PDE4B,PHASE_3,0.0,-0.20412414523193148
MILRINONE,PDE3A,APPROVAL,0.0,-0.20412414523193148
AR9281,EPHX2,PHASE_2,0.0,-0.20412414523193148
REVAMILAST,PDE4B,PHASE_2,0.0,-0.20412414523193148
IVABRADINE HYDROCHLORIDE,HCN4,APPROVAL,0.0,-0.20412414523193148
AMINOPHYLLINE,PDE4B; PDE3A,APPROVAL,0.0,-0.20412414523193148
ROLIPRAM,PDE4B,PHASE_2,0.0,-0.1904453466268301
ENOXIMONE,PDE3A,APPROVAL,0.0,-0.1904453466268301
DROTAVERINE,PDE4B,APPROVAL,0.0,-0.1904453466268301
TOFIMILAST,PDE4B,PHASE_2,0.0,-0.1904453466268301
CILOMILAST,PDE4B,PHASE_3,0.0,-0.1904453466268301
GSK-256066,PDE4B,PHASE_2,0.0,-0.17586311452816475
ANAGRELIDE,PDE3A,APPROVAL,0.0,-0.17586311452816475
CILOSTAZOL,PDE3A,APPROVAL,0.0,-0.17586311452816475
PRALSETINIB,CCDC6,APPROVAL,0.0,-0.17586311452816475
SELPERCATINIB,CCDC6,APPROVAL,0.0,-0.17586311452816475
INAMRINONE,PDE3A,APPROVAL,0.0,-0.17586311452816475
FLAVOXATE,PDE4B,APPROVAL,0.0,-0.17586311452816475
AMLEXANOX,PDE4B,APPROVAL,0.0,-0.17586311452816475
MARIMASTAT,MMP3; MMP9; MME,PHASE_3,0.6666666666666666,-0.16245910832216437
HT-0712,PDE4B,PHASE_2,0.0,-0.16012815380508716
TETOMILAST,PDE4B,PHASE_3,0.0,-0.16012815380508716
EXAGAMGLOGENE AUTOTEMCEL,BCL11A,APPROVAL,0.0,-0.16012815380508716
APREMILAST,PDE4B,APPROVAL,0.0,-0.14285714285714288
GSK2256294,EPHX2,PHASE_2,0.0,-0.14285714285714288
ROFLUMILAST,PDE4B,APPROVAL,0.0,-0.14285714285714288
SETANAXIB,NOX4,PHASE_2,0.0,-0.14285714285714288
CTS-1027,MMP3; MMP9; MME,PHASE_2,0.6666666666666666,-0.14108362616070394
MILRINONE LACTATE,PDE3A,APPROVAL,0.0,-0.12340351046845907
LOTAMILAST,PDE4B,PHASE_2,0.0,-0.10050378152592122
CONBERCEPT,VEGFC; PGF; VEGFB,PHASE_3,0.6666666666666666,0.06864416578387497
JNJ-26483327,EGFR; LYN; SRC; FYN; ERBB4,PHASE_1,0.8,0.10926218682791808
ATN-161,ITGB1,PHASE_2,1.0,0.33333333333333326
TAS-115,KDR,PHASE_1,1.0,0.36047677154687613
CDP-484,IL1B,PHASE_1_2,1.0,0.3692744729379982
ANACETRAPIB,CETP,PHASE_3,1.0,0.3692744729379982
EVACETRAPIB,CETP,PHASE_3,1.0,0.3779644730092272
DALCETRAPIB,CETP,PHASE_3,1.0,0.3779644730092272
NATALIZUMAB,ITGB1,APPROVAL,1.0,0.3865556717425342
GEVOKIZUMAB,IL1B,PHASE_3,1.0,0.3865556717425342
RAMUCIRUMAB,KDR,APPROVAL,1.0,0.3950561531755324
OLPASIRAN,LPA,PHASE_3,1.0,0.3950561531755324
PELACARSEN,LPA,PHASE_3,1.0,0.3950561531755324
VOLOCIXIMAB,ITGB1,PHASE_2,1.0,0.3950561531755324
ROCACETRAPIB,CETP,PHASE_2,1.0,0.3950561531755324
REBIMASTAT,MMP9,PHASE_3,1.0,0.4034732923929645
RG-7594,ITGB1,PHASE_1,1.0,0.4034732923929645
FIRATEGRAST,ITGB1,PHASE_2,1.0,0.4118138454142283
LENERCEPT,TNF,PHASE_3,1.0,0.42008402520840304
SAR-260301,PIK3CB,PHASE_1,1.0,0.42008402520840304
KRN-633,KDR,PHASE_1,1.0,0.42008402520840304
IMATINIB MESYLATE,PDGFRB,APPROVAL,1.0,0.42008402520840304
L19TNFA,FN1,PHASE_1_2,1.0,0.42828956637154025
CYC-116,KDR,PHASE_1,1.0,0.42828956637154025
ABITUZUMAB,ITGB1,PHASE_2,1.0,0.4282895663715403
LUTIKIZUMAB,IL1B,PHASE_3,1.0,0.4282895663715403
IMATINIB,PDGFRB,APPROVAL,1.0,0.4282895663715403
CERDULATINIB,SYK,PHASE_2_3,1.0,0.4364357804719848
NERELIMOMAB,TNF,PHASE_3,1.0,0.4364357804719848
PRT-2607,SYK,PHASE_2,1.0,0.4364357804719848
HENATINIB,KDR,PHASE_1,1.0,0.43643578047198484
ERITORAN TETRASODIUM,TLR4,PHASE_3,1.0,0.43643578047198484
RILONACEPT,IL1B,APPROVAL,1.0,0.43643578047198484
TORCETRAPIB,CETP,PHASE_3,1.0,0.43643578047198495
SOVLEPLENIB,SYK,PHASE_3,1.0,0.43643578047198495
L19IL2,FN1,PHASE_3,1.0,0.4445276036638914
RIVOCERANIB,KDR,APPROVAL,1.0,0.4445276036638914
SEMAXANIB,KDR,PHASE_3,1.0,0.4445276036638914
RAF-265,KDR,PHASE_2,1.0,0.4445276036638914
R-112,SYK,IND,1.0,0.4445276036638915
ONERCEPT,TNF,PHASE_3,1.0,0.4445276036638915
OLINVACIMAB,KDR,PHASE_2,1.0,0.45256963785525184
LUCITANIB,KDR,PHASE_3,1.0,0.45256963785525184
OSI-930,KDR,PHASE_1,1.0,0.45256963785525184
ZD-4190,KDR,UNKNOWN,1.0,0.45256963785525184
OLOKIZUMAB,IL6,APPROVAL,1.0,0.45256963785525184
GSK-2636771,PIK3CB,PHASE_2,1.0,0.45256963785525184
PKI-179,PIK3CA,PHASE_1,1.0,0.45256963785525184
AZD-0424,SRC,PHASE_1,1.0,0.45256963785525184
LENVATINIB MESYLATE,KDR,APPROVAL,1.0,0.45256963785525184
4SC-203,KDR,PHASE_1,1.0,0.45256963785525184
BRIVANIB ALANINATE,KDR,PHASE_3,1.0,0.4525696378552519
BRIVANIB,KDR,PHASE_3,1.0,0.4605661864718384
ERITORAN,TLR4,PHASE_3,1.0,0.4605661864718384
GUSACITINIB,SYK,PHASE_2,1.0,0.4605661864718384
MIVAVOTINIB CITRATE,SYK,PHASE_2,1.0,0.4605661864718384
CRENOLANIB,PDGFRB,PHASE_3,1.0,0.4605661864718384
PEGSUNERCEPT,TNF,PHASE_2,1.0,0.4605661864718384
CABOZANTINIB,KDR,APPROVAL,1.0,0.46056618647183845
DUVELISIB,PIK3CD,APPROVAL,1.0,0.46056618647183845
ABBV-3373,TNF,PHASE_2,1.0,0.46852128566581835
OLEZARSEN,APOC3,APPROVAL,1.0,0.46852128566581835
TELBERMIN,KDR,PHASE_2,1.0,0.46852128566581835
FOSTAMATINIB,SYK,APPROVAL,1.0,0.46852128566581835
SERABELISIB,PIK3CA,PHASE_2,1.0,0.46852128566581835
LENVATINIB,KDR,APPROVAL,1.0,0.476438731665127
LANRAPLENIB,SYK,PHASE_2,1.0,0.476438731665127
AFELIMOMAB,TNF,APPROVAL,1.0,0.4764387316651271
ANDECALIXIMAB,MMP9,PHASE_3,1.0,0.4764387316651271
MIVAVOTINIB,SYK,PHASE_2,1.0,0.4764387316651271
FRUQUINTINIB,KDR,APPROVAL,1.0,0.48432210483785243
BAFETINIB,LYN,PHASE_2,1.0,0.48432210483785243
BECAPLERMIN,PDGFRB,APPROVAL,1.0,0.48432210483785243
GOLIMUMAB,TNF,APPROVAL,1.0,0.48432210483785243
RESATORVID,TLR4,PHASE_3,1.0,0.48432210483785243
INAVOLISIB,PIK3CA,APPROVAL,1.0,0.4843221048378525
VOLANESORSEN SODIUM,APOC3,PHASE_2,1.0,0.492174790948013
PACIBEKITUG,IL6,PHASE_2,1.0,0.49217479094801303
ZILTIVEKIMAB,IL6,PHASE_3,1.0,0.49217479094801303
REMTOLUMAB,TNF,PHASE_2,1.0,0.4921747909480131
BATOPROTAFIB,PTPN11,PHASE_1_2,1.0,0.4921747909480131
OSI-632,KDR,PHASE_2,1.0,0.4921747909480131
CAL-263,PIK3CD,PHASE_1,1.0,0.4921747909480131
CERTOLIZUMAB PEGOL,TNF,APPROVAL,1.0,0.4921747909480131
TOLIMIDONE,LYN,PHASE_2,1.0,0.4999999999999999
RADRETUMAB,FN1,PHASE_2,1.0,0.4999999999999999
NINGETINIB,KDR,PHASE_2,1.0,0.5078007830046402
CEP-11981,KDR,PHASE_2,1.0,0.5078007830046402
CABOZANTINIB S-MALATE,KDR,APPROVAL,1.0,0.5078007830046402
RINUCUMAB,PDGFRB,PHASE_2,1.0,0.5078007830046402
SIRUKUMAB,IL6,APPROVAL,1.0,0.5078007830046402
AXITINIB,KDR,APPROVAL,1.0,0.5078007830046403
PEGDINETANIB,KDR,PHASE_2,1.0,0.5078007830046403
IDELALISIB,PIK3CD,APPROVAL,1.0,0.5155800469472479
BFH-772,KDR,PHASE_2,1.0,0.5155800469472479
ALPELISIB,PIK3CA,APPROVAL,1.0,0.5155800469472479
ELX-02,RPS27A,PHASE_2,1.0,0.515580046947248
RIVOCERANIB MESYLATE,KDR,APPROVAL,1.0,0.515580046947248
TIRBANIBULIN,SRC,APPROVAL,1.0,0.515580046947248
PREXIGEBERSEN,GRB2,PHASE_2,1.0,0.515580046947248
PLACULUMAB,TNF,PHASE_2,1.0,0.515580046947248
OCRIPLASMIN,FN1,APPROVAL,1.0,0.5155800469472481
ADALIMUMAB,TNF,APPROVAL,1.0,0.5233405681948144
VOLANESORSEN,APOC3,APPROVAL,1.0,0.5233405681948144
R-348,SYK,PHASE_1,1.0,0.5233405681948144
PF-00337210,KDR,PHASE_1,1.0,0.5233405681948144
INFLIXIMAB,TNF,APPROVAL,1.0,0.5233405681948144
DANVATIRSEN,STAT3,PHASE_2,1.0,0.5233405681948144
ALACIZUMAB PEGOL,KDR,PHASE_2,1.0,0.5310850045437941
ACALISIB,PIK3CD,PHASE_1,1.0,0.5310850045437941
CDP-860,PDGFRB,PHASE_2,1.0,0.5310850045437941
IMC-1C11,KDR,PHASE_1,1.0,0.5310850045437943
TANDUTINIB,PDGFRB,PHASE_2,1.0,0.5388159060803246
FOSTAMATINIB DISODIUM,SYK,APPROVAL,1.0,0.5388159060803247
SILTUXIMAB,IL6,APPROVAL,1.0,0.5388159060803247
SURUFATINIB,KDR,APPROVAL,1.0,0.5388159060803247
GOLVATINIB,KDR,PHASE_1_2,1.0,0.5388159060803247
OZORALIZUMAB,TNF,APPROVAL,1.0,0.546535725000021
CEP-5214,KDR,UNKNOWN,1.0,0.546535725000021
AS-1409,FN1,PHASE_1,1.0,0.5542468245138262
R-333,SYK,PHASE_2,1.0,0.5542468245138262
ENTOSPLETINIB,SYK,PHASE_3,1.0,0.5542468245138262
R-406,SYK,UNKNOWN,1.0,0.5542468245138262
IBCASERTIB,KDR,PHASE_3,1.0,0.5542468245138262
PROPANIDID,ACHE,UNKNOWN,1.0,0.5542468245138262
ALTIRATINIB,KDR,PHASE_1,1.0,0.5542468245138262
CEP-2563,PDGFRB,PHASE_1,1.0,0.5542468245138262
R-343,SYK,PHASE_2,1.0,0.5542468245138262
TG100-115,PIK3CD,PHASE_1_2,1.0,0.5619514869490164
ENLIMOMAB PEGOL,ICAM1,IND,1.0,0.5619514869490164
CLAZAKIZUMAB,IL6,PHASE_3,1.0,0.5619514869490164
SELETALISIB,PIK3CD,PHASE_2,1.0,0.5619514869490164
GLESATINIB,KDR,PHASE_2,1.0,0.5696519211398116
PARSACLISIB,PIK3CD,APPROVAL,1.0,0.5696519211398116
UMBRALISIB TOSYLATE,PIK3CD,APPROVAL,1.0,0.5696519211398116
SCH-708980,IL10,PHASE_1_2,1.0,0.5696519211398116
BMS-817378,KDR,PHASE_1,1.0,0.5696519211398116
ATALUREN,RPS27A,APPROVAL,1.0,0.5696519211398116
BI-505,ICAM1,PHASE_2,1.0,0.5773502691896258
LENIOLISIB PHOSPHATE,PIK3CD,APPROVAL,1.0,0.5773502691896258
MT-3724,RPS27A,PHASE_2,1.0,0.5773502691896258
BEMARITUZUMAB,FCGR3A,PHASE_3,1.0,0.5773502691896258
ZANDELISIB,PIK3CD,PHASE_3,1.0,0.5773502691896258
UMBRALISIB,PIK3CD,APPROVAL,1.0,0.5850486126764433
TENALISIB,PIK3CD,PHASE_2,1.0,0.5850486126764433
DEMECARIUM,ACHE,APPROVAL,1.0,0.5850486126764433
NEMIRALISIB,PIK3CD,PHASE_2,1.0,0.5850486126764433
AMG-319,PIK3CD,PHASE_2,1.0,0.5850486126764433
ALPIDEM,DBI,APPROVAL,1.0,0.5927489783638191
CITATUZUMAB BOGATOX,RPS27A,PHASE_1,1.0,0.6004533434723092
ALICAFORSEN,ICAM1,PHASE_3,1.0,0.6004533434723092
DUVELISIB MONOHYDRATE,PIK3CD,APPROVAL,1.0,0.6004533434723092
GSK-2269557,PIK3CD,PHASE_2,1.0,0.6004533434723092
DEFIBROTIDE,PLG,APPROVAL,1.0,0.6081636405595373
DEFIBROTIDE SODIUM,PLG,APPROVAL,1.0,0.6081636405595373
AMINOCAPROIC ACID,PLG,APPROVAL,1.0,0.6081636405595373
INCB-40093,PIK3CD,PHASE_2,1.0,0.6081636405595374
DARAPLADIB,PLA2G7,PHASE_3,1.0,0.6158817620514397
STREPTOKINASE,PLG,APPROVAL,1.0,0.6158817620514397
OCIPERLIMAB,TIGIT,PHASE_3,1.0,0.6158817620514397
TIVOZANIB HYDROCHLORIDE,KDR; PDGFRB,APPROVAL,1.0,0.6228471866564954
AMBENONIUM,ACHE,APPROVAL,1.0,0.6236095644623236
DESMOTEPLASE,PLG,PHASE_3,1.0,0.6236095644623236
TRANEXAMIC ACID,PLG,APPROVAL,1.0,0.6236095644623236
VIBOSTOLIMAB,TIGIT,PHASE_3,1.0,0.6236095644623236
ANG1005,LRP1,PHASE_3,1.0,0.6236095644623236
TECHNETIUM TC 99M SUCCIMER,A2M,APPROVAL,1.0,0.6313488723371562
ANISTREPLASE,PLG,APPROVAL,1.0,0.6313488723371562
LENIOLISIB,PIK3CD,APPROVAL,1.0,0.6313488723371562
ZOLIMOMAB ARITOX,RPS27A,PHASE_2,1.0,0.6391014819458269
ONO-2952,DBI,PHASE_2,1.0,0.6391014819458269
PRI-724,CTNNB1,PHASE_2,1.0,0.639101481945827
DOMVANALIMAB,TIGIT,PHASE_3,1.0,0.639101481945827
ISOFLUROPHATE,ACHE,APPROVAL,1.0,0.639101481945827
SORAFENIB TOSYLATE,KDR; PDGFRB,APPROVAL,1.0,0.6416889479197481
NEOSTIGMINE METHYLSULFATE,ACHE,APPROVAL,1.0,0.6468691647559472
ACOTIAMIDE HYDROCHLORIDE,ACHE,APPROVAL,1.0,0.6546536707079772
AL-78898A,C3,PHASE_2,1.0,0.6546536707079772
ASP-8374,TIGIT,PHASE_1,1.0,0.6546536707079773
TELATINIB,KDR; PDGFRB,PHASE_2,1.0,0.6568293286519442
CATEQUENTINIB,KDR; PDGFRB,PHASE_3,1.0,0.6612416337794929
APROTININ,PLG,APPROVAL,1.0,0.6624567313140607
AMEDIPLASE,PLG,PHASE_3,1.0,0.6624567313140607
IBI-939,TIGIT,PHASE_1,1.0,0.6624567313140607
ECHOTHIOPHATE,ACHE,APPROVAL,1.0,0.6624567313140607
FORETINIB,KDR; PDGFRB,PHASE_2,1.0,0.6644105970267495
REGORAFENIB,KDR; PDGFRB,APPROVAL,1.0,0.6659496553711424
RIVASTIGMINE TARTRATE,ACHE,APPROVAL,1.0,0.6702800625998365
ECHOTHIOPHATE IODIDE,ACHE,APPROVAL,1.0,0.6702800625998365
BAY-1082439,PIK3CB; PIK3CA,PHASE_1,1.0,0.6721182840266393
AFLIBERCEPT,PGF,APPROVAL,1.0,0.6781253679066577
HEXAFLUORENIUM BROMIDE,ACHE,APPROVAL,1.0,0.6781253679066578
PYRIDOSTIGMINE BROMIDE,ACHE,APPROVAL,1.0,0.6781253679066578
TAK-593,KDR; PDGFRB,PHASE_1,1.0,0.6818994171567121
ORANTINIB,KDR; PDGFRB,PHASE_3,1.0,0.6844983332431563
TB-403,PGF,PHASE_2,1.0,0.6859943405700352
FAMITINIB,KDR; PDGFRB,PHASE_3,1.0,0.6873958750278003
XL-820,KDR; PDGFRB,PHASE_2,1.0,0.6876091310453742
SU-014813,KDR; PDGFRB,PHASE_2,1.0,0.6886771092482258
NEOSTIGMINE,ACHE,APPROVAL,1.0,0.6938886664887108
ITOPRIDE,ACHE,APPROVAL,1.0,0.6938886664887108
DEMECARIUM BROMIDE,ACHE,APPROVAL,1.0,0.6938886664887108
PEGCETACOPLAN,C3,APPROVAL,1.0,0.6938886664887108
MINAPRINE,ACHE,APPROVAL,1.0,0.7018100265975371
NINTEDANIB,KDR; PDGFRB,APPROVAL,1.0,0.7071067811865472
PYRIDOSTIGMINE,ACHE,APPROVAL,1.0,0.709760099256249
GSK-1995057,TNFRSF1A,PHASE_1,1.0,0.709760099256249
X-82,KDR; PDGFRB,PHASE_2,1.0,0.7165107536316873
APRATASTAT,ADAM17,PHASE_2,1.0,0.7177405625652733
AZD-8186,PIK3CB; PIK3CD,PHASE_1_2,1.0,0.7226422815193234
AMY-101,C3,PHASE_2,1.0,0.7257530966188903
PHYSOSTIGMINE,ACHE,APPROVAL,1.0,0.7257530966188903
ACOTIAMIDE,ACHE,APPROVAL,1.0,0.7257530966188903
EDROPHONIUM,ACHE,APPROVAL,1.0,0.7257530966188903
SORAFENIB,KDR; PDGFRB,APPROVAL,1.0,0.7293249574894727
MINAPRINE HYDROCHLORIDE,ACHE,UNKNOWN,1.0,0.7337993857053428
PRASINEZUMAB,SNCA,PHASE_3,1.0,0.7337993857053428
XL-999,KDR; PDGFRB,PHASE_2,1.0,0.7347962976909099
MOTESANIB,KDR; PDGFRB,PHASE_3,1.0,0.7398102321278024
PHYSOSTIGMINE SALICYLATE,ACHE,UNKNOWN,1.0,0.7418811204628574
JI-101,KDR; PDGFRB,PHASE_2,1.0,0.7420481391473773
TIVOZANIB,KDR; PDGFRB,APPROVAL,1.0,0.7462171782204501
BOSUTINIB,HCK; LYN; SRC,APPROVAL,1.0,0.7502086799779953
NINTEDANIB ESYLATE,KDR; PDGFRB,APPROVAL,1.0,0.754202713008559
RG-1530,KDR; PDGFRB,PHASE_1,1.0,0.7616249060029486
CINPANEMAB,SNCA,PHASE_2,1.0,0.7663560447348134
PRALIDOXIME CHLORIDE,ACHE,APPROVAL,1.0,0.7663560447348134
COPANLISIB,PIK3CD; PIK3CA,APPROVAL,1.0,0.7741059134027268
CEDIRANIB,KDR; PDGFRB,APPROVAL,1.0,0.7745966692414833
BRONTICTUZUMAB,NOTCH1,PHASE_1,1.0,0.7745966692414834
FIMEPINOSTAT,PIK3CB; PIK3CD; PIK3CA,PHASE_2,1.0,0.7813966784071026
COPANLISIB HYDROCHLORIDE,PIK3CD; PIK3CA,APPROVAL,1.0,0.7870069224543376
DOVITINIB,KDR; PDGFRB,PHASE_3,1.0,0.7904010449226468
CM-082,KDR; PDGFRB,PHASE_2,1.0,0.7944947400156236
MIDOSTAURIN,KDR; PDGFRB,APPROVAL,1.0,0.7945949754189542
PRALIDOXIME,ACHE,PHASE_2,1.0,0.8080176743014172
TIRAGOLUMAB,TIGIT,PHASE_3,1.0,0.816496580927726
ETIGILIMAB,TIGIT,PHASE_2,1.0,0.8164965809277261
AZD-1236,MMP9; MME,PHASE_2,1.0,0.956079799095786
XL-228,HCK; LYN; SRC; FYN,PHASE_1,1.0,0.9694387332771244
BMS-779788,NR1H2,PHASE_1,1.0,0.9704367948586523
DACTOLISIB,PIK3R1; PIK3R2; PIK3R3; PIK3CB; PIK3CD; PIK3CA,PHASE_3,1.0,1.0084152956251229
PICTILISIB,PIK3R1; PIK3R2; PIK3R3; PIK3CB; PIK3CD; PIK3CA,PHASE_2,1.0,1.0226010182522915
PF-04691502,PIK3R1; PIK3R2; PIK3R3; PIK3CB; PIK3CD; PIK3CA,PHASE_2,1.0,1.03204717875895
RECILISIB,PIK3R1; PIK3R2; PIK3R3; PIK3CB; PIK3CD; PIK3CA,PHASE_1,1.0,1.1083376093354451
SONOLISIB,PIK3R1; PIK3R2; PIK3R3; PIK3CB; PIK3CD; PIK3CA,PHASE_2,1.0,1.11058055451306
GSK-1059615,PIK3R1; PIK3R2; PIK3R3; PIK3CB; PIK3CD; PIK3CA,PHASE_1,1.0,1.11111111111111
PAXALISIB,PIK3R1; PIK3R2; PIK3R3; PIK3CB; PIK3CD; PIK3CA,PHASE_2_3,1.0,1.1114922750264775
ENMD-981693,HCK; LYN; SRC; FYN; KDR; PDGFRB,PHASE_2,1.0,1.1139075246241747
OMIPALISIB,PIK3R1; PIK3R2; PIK3R3; PIK3CB; PIK3CD; PIK3CA,PHASE_1,1.0,1.1154656016714337
ZSTK-474,PIK3R1; PIK3R2; PIK3R3; PIK3CB; PIK3CD; PIK3CA,PHASE_1,1.0,1.1225636418816374
APITOLISIB,PIK3R1; PIK3R2; PIK3R3; PIK3CB; PIK3CD; PIK3CA,PHASE_2,1.0,1.12733906689954
BGT-226,PIK3R1; PIK3R2; PIK3R3; PIK3CB; PIK3CD; PIK3CA,PHASE_1_2,1.0,1.1519217252520102
VOXTALISIB,PIK3R1; PIK3R2; PIK3R3; PIK3CB; PIK3CD; PIK3CA,PHASE_2,1.0,1.1587867289140292
WX-037,PIK3R1; PIK3R2; PIK3R3; PIK3CB; PIK3CD; PIK3CA,PHASE_1,1.0,1.1589846794732035
LXR-623,NR1H3; NR1H2,PHASE_1,1.0,1.1604219545272692
PILARALISIB,PIK3R1; PIK3R2; PIK3R3; PIK3CB; PIK3CD; PIK3CA,PHASE_2,1.0,1.1684712565567803
BUPARLISIB,PIK3R1; PIK3R2; PIK3R3; PIK3CB; PIK3CD; PIK3CA,PHASE_3,1.0,1.17673224044007
PANULISIB,PIK3R1; PIK3R2; PIK3R3; PIK3CB; PIK3CD; PIK3CA,PHASE_1,1.0,1.1998109559346177
TASELISIB,PIK3R1; PIK3R2; PIK3R3; PIK3CB; PIK3CD; PIK3CA,PHASE_3,1.0,1.2047690202835326
GEDATOLISIB,PIK3R1; PIK3R2; PIK3R3; PIK3CB; PIK3CD; PIK3CA,PHASE_3,1.0,1.212203944025849
IZORLISIB,PIK3R1; PIK3R2; PIK3R3; PIK3CB; PIK3CD; PIK3CA,PHASE_1_2,1.0,1.215985234231114
SAMOTOLISIB,PIK3R1; PIK3R2; PIK3R3; PIK3CB; PIK3CD; PIK3CA,PHASE_2,1.0,1.2165740842645922
ILORASERTIB,HCK; LYN; SRC; FYN; KDR; PDGFRB,PHASE_2,1.0,1.2250665547085096
AZD-6482,PIK3R1; PIK3R2; PIK3R3; PIK3CB; PIK3CD; PIK3CA,UNKNOWN,1.0,1.2298373876248851
VS-5584,PIK3R1; PIK3R2; PIK3R3; PIK3CB; PIK3CD; PIK3CA,PHASE_1,1.0,1.2318776436666974
CS-8080,NR1H3; NR1H2,PHASE_1,1.0,1.2367076610763963
TG100-801,HCK; LYN; SRC; FYN; KDR; PDGFRB,PHASE_2,1.0,1.2696221085454773
DS-7423,PIK3R1; PIK3R2; PIK3R3; PIK3CB; PIK3CD; PIK3CA,PHASE_1,1.0,1.2763521809703786
ROVAZOLAC,NR1H3; NR1H2,PHASE_2,1.0,1.2784444499536778
HYODEOXYCHOLIC_ACID,NR1H3; NR1H2,PHASE_1,1.0,1.283636865895977
SF-1126,PIK3R1; PIK3R2; PIK3R3; PIK3CB; PIK3CD; PIK3CA,PHASE_2,1.0,1.2841641830691461
BMS-852927,NR1H3; NR1H2,PHASE_1,1.0,1.325767201538631
ABEQUOLIXRON,NR1H3; NR1H2,PHASE_1_2,1.0,1.4769508609851287
